﻿<?xml version="1.0" encoding="utf-8"?>
<abapGit version="v1.0.0" serializer="LCL_OBJECT_DTEL" serializer_version="v1.0.0">
 <asx:abap xmlns:asx="http://www.sap.com/abapxml" version="1.0">
  <asx:values>
   <DD04V>
    <ROLLNAME>ZAGE</ROLLNAME>
    <DDLANGUAGE>1</DDLANGUAGE>
    <DOMNAME>ZAGE_04</DOMNAME>
    <HEADLEN>10</HEADLEN>
    <SCRLEN1>04</SCRLEN1>
    <SCRLEN2>06</SCRLEN2>
    <SCRLEN3>08</SCRLEN3>
    <DDTEXT>教师年龄</DDTEXT>
    <REPTEXT>教师年龄</REPTEXT>
    <SCRTEXT_S>教师年龄</SCRTEXT_S>
    <SCRTEXT_M>教师年龄</SCRTEXT_M>
    <SCRTEXT_L>教师年龄</SCRTEXT_L>
    <DTELMASTER>1</DTELMASTER>
    <REFKIND>D</REFKIND>
   </DD04V>
  </asx:values>
 </asx:abap>
</abapGit>
