﻿<?xml version="1.0" encoding="utf-8"?>
<abapGit version="v1.0.0" serializer="LCL_OBJECT_DTEL" serializer_version="v1.0.0">
 <asx:abap xmlns:asx="http://www.sap.com/abapxml" version="1.0">
  <asx:values>
   <DD04V>
    <ROLLNAME>ZBJID04</ROLLNAME>
    <DDLANGUAGE>1</DDLANGUAGE>
    <DOMNAME>ZDBJID_04</DOMNAME>
    <HEADLEN>20</HEADLEN>
    <SCRLEN1>10</SCRLEN1>
    <SCRLEN2>20</SCRLEN2>
    <SCRLEN3>30</SCRLEN3>
    <DDTEXT>班级ID</DDTEXT>
    <REPTEXT>班级ID</REPTEXT>
    <SCRTEXT_S>班级ID</SCRTEXT_S>
    <SCRTEXT_M>班级ID</SCRTEXT_M>
    <SCRTEXT_L>班级ID</SCRTEXT_L>
    <DTELMASTER>1</DTELMASTER>
    <REFKIND>D</REFKIND>
   </DD04V>
  </asx:values>
 </asx:abap>
</abapGit>
