﻿<?xml version="1.0" encoding="utf-8"?>
<abapGit version="v1.0.0" serializer="LCL_OBJECT_DTEL" serializer_version="v1.0.0">
 <asx:abap xmlns:asx="http://www.sap.com/abapxml" version="1.0">
  <asx:values>
   <DD04V>
    <ROLLNAME>ZBJNAME04</ROLLNAME>
    <DDLANGUAGE>1</DDLANGUAGE>
    <DOMNAME>ZDBJNAME04</DOMNAME>
    <HEADLEN>20</HEADLEN>
    <SCRLEN1>08</SCRLEN1>
    <SCRLEN2>10</SCRLEN2>
    <SCRLEN3>12</SCRLEN3>
    <DDTEXT>班级名称</DDTEXT>
    <REPTEXT>班级名称</REPTEXT>
    <SCRTEXT_S>班级名称</SCRTEXT_S>
    <SCRTEXT_M>班级名称</SCRTEXT_M>
    <SCRTEXT_L>班级名称</SCRTEXT_L>
    <DTELMASTER>1</DTELMASTER>
    <REFKIND>D</REFKIND>
   </DD04V>
  </asx:values>
 </asx:abap>
</abapGit>
