﻿<?xml version="1.0" encoding="utf-8"?>
<abapGit version="v1.0.0" serializer="LCL_OBJECT_DTEL" serializer_version="v1.0.0">
 <asx:abap xmlns:asx="http://www.sap.com/abapxml" version="1.0">
  <asx:values>
   <DD04V>
    <ROLLNAME>ZE_DISK_AL</ROLLNAME>
    <DDLANGUAGE>1</DDLANGUAGE>
    <HEADLEN>55</HEADLEN>
    <SCRLEN1>10</SCRLEN1>
    <SCRLEN2>20</SCRLEN2>
    <SCRLEN3>40</SCRLEN3>
    <DDTEXT>盘片数</DDTEXT>
    <REPTEXT>盘片数</REPTEXT>
    <SCRTEXT_S>盘片数</SCRTEXT_S>
    <SCRTEXT_M>盘片数</SCRTEXT_M>
    <SCRTEXT_L>盘片数</SCRTEXT_L>
    <DTELMASTER>1</DTELMASTER>
    <DATATYPE>INT2</DATATYPE>
    <LENG>000005</LENG>
    <OUTPUTLEN>000006</OUTPUTLEN>
   </DD04V>
  </asx:values>
 </asx:abap>
</abapGit>
