﻿<?xml version="1.0" encoding="utf-8"?>
<abapGit version="v1.0.0" serializer="LCL_OBJECT_DTEL" serializer_version="v1.0.0">
 <asx:abap xmlns:asx="http://www.sap.com/abapxml" version="1.0">
  <asx:values>
   <DD04V>
    <ROLLNAME>ZE_MENG19_3</ROLLNAME>
    <DDLANGUAGE>1</DDLANGUAGE>
    <DOMNAME>MENGE</DOMNAME>
    <HEADLEN>17</HEADLEN>
    <SCRLEN1>10</SCRLEN1>
    <SCRLEN2>20</SCRLEN2>
    <SCRLEN3>40</SCRLEN3>
    <DDTEXT>数量</DDTEXT>
    <REPTEXT>数量</REPTEXT>
    <SCRTEXT_S>数量</SCRTEXT_S>
    <SCRTEXT_M>数量</SCRTEXT_M>
    <SCRTEXT_L>数量</SCRTEXT_L>
    <DTELMASTER>1</DTELMASTER>
    <REFKIND>D</REFKIND>
   </DD04V>
  </asx:values>
 </asx:abap>
</abapGit>
