﻿<?xml version="1.0" encoding="utf-8"?>
<abapGit version="v1.0.0" serializer="LCL_OBJECT_DTEL" serializer_version="v1.0.0">
 <asx:abap xmlns:asx="http://www.sap.com/abapxml" version="1.0">
  <asx:values>
   <DD04V>
    <ROLLNAME>ZE_PICKNO</ROLLNAME>
    <DDLANGUAGE>1</DDLANGUAGE>
    <HEADLEN>55</HEADLEN>
    <SCRLEN1>10</SCRLEN1>
    <SCRLEN2>20</SCRLEN2>
    <SCRLEN3>40</SCRLEN3>
    <DDTEXT>装车序号</DDTEXT>
    <REPTEXT>装车序号</REPTEXT>
    <SCRTEXT_S>装车序号</SCRTEXT_S>
    <SCRTEXT_M>装车序号</SCRTEXT_M>
    <SCRTEXT_L>装车序号</SCRTEXT_L>
    <DTELMASTER>1</DTELMASTER>
    <DATATYPE>NUMC</DATATYPE>
    <LENG>000003</LENG>
    <OUTPUTLEN>000003</OUTPUTLEN>
   </DD04V>
  </asx:values>
 </asx:abap>
</abapGit>
