﻿<?xml version="1.0" encoding="utf-8"?>
<abapGit version="v1.0.0" serializer="LCL_OBJECT_DTEL" serializer_version="v1.0.0">
 <asx:abap xmlns:asx="http://www.sap.com/abapxml" version="1.0">
  <asx:values>
   <DD04V>
    <ROLLNAME>ZE_TRAY_SIZE</ROLLNAME>
    <DDLANGUAGE>1</DDLANGUAGE>
    <HEADLEN>55</HEADLEN>
    <SCRLEN1>10</SCRLEN1>
    <SCRLEN2>20</SCRLEN2>
    <SCRLEN3>40</SCRLEN3>
    <DDTEXT>托盘尺寸</DDTEXT>
    <REPTEXT>托盘尺寸</REPTEXT>
    <SCRTEXT_S>托盘尺寸</SCRTEXT_S>
    <SCRTEXT_M>托盘尺寸</SCRTEXT_M>
    <SCRTEXT_L>托盘尺寸</SCRTEXT_L>
    <DTELMASTER>1</DTELMASTER>
    <DATATYPE>QUAN</DATATYPE>
    <LENG>000013</LENG>
    <DECIMALS>000003</DECIMALS>
    <OUTPUTLEN>000017</OUTPUTLEN>
   </DD04V>
  </asx:values>
 </asx:abap>
</abapGit>
