﻿<?xml version="1.0" encoding="utf-8"?>
<abapGit version="v1.0.0" serializer="LCL_OBJECT_DTEL" serializer_version="v1.0.0">
 <asx:abap xmlns:asx="http://www.sap.com/abapxml" version="1.0">
  <asx:values>
   <DD04V>
    <ROLLNAME>ZE_VOLUM</ROLLNAME>
    <DDLANGUAGE>1</DDLANGUAGE>
    <HEADLEN>55</HEADLEN>
    <SCRLEN1>10</SCRLEN1>
    <SCRLEN2>20</SCRLEN2>
    <SCRLEN3>40</SCRLEN3>
    <DDTEXT>包装体积(立方米)</DDTEXT>
    <REPTEXT>包装体积(立方米)</REPTEXT>
    <SCRTEXT_S>包装体积(立方米)</SCRTEXT_S>
    <SCRTEXT_M>包装体积(立方米)</SCRTEXT_M>
    <SCRTEXT_L>包装体积(立方米)</SCRTEXT_L>
    <DTELMASTER>1</DTELMASTER>
    <DATATYPE>QUAN</DATATYPE>
    <LENG>000013</LENG>
    <DECIMALS>000003</DECIMALS>
    <OUTPUTLEN>000017</OUTPUTLEN>
   </DD04V>
  </asx:values>
 </asx:abap>
</abapGit>
