﻿<?xml version="1.0" encoding="utf-8"?>
<abapGit version="v1.0.0" serializer="LCL_OBJECT_DTEL" serializer_version="v1.0.0">
 <asx:abap xmlns:asx="http://www.sap.com/abapxml" version="1.0">
  <asx:values>
   <DD04V>
    <ROLLNAME>ZEBZTYP</ROLLNAME>
    <DDLANGUAGE>1</DDLANGUAGE>
    <DOMNAME>CHAR2</DOMNAME>
    <HEADLEN>10</HEADLEN>
    <SCRLEN1>10</SCRLEN1>
    <SCRLEN2>15</SCRLEN2>
    <SCRLEN3>20</SCRLEN3>
    <DDTEXT>包装方式</DDTEXT>
    <REPTEXT>包装方式</REPTEXT>
    <SCRTEXT_S>包装方式</SCRTEXT_S>
    <SCRTEXT_M>包装方式</SCRTEXT_M>
    <SCRTEXT_L>包装方式</SCRTEXT_L>
    <DTELMASTER>1</DTELMASTER>
    <REFKIND>D</REFKIND>
   </DD04V>
  </asx:values>
 </asx:abap>
</abapGit>
