﻿<?xml version="1.0" encoding="utf-8"?>
<abapGit version="v1.0.0" serializer="LCL_OBJECT_DTEL" serializer_version="v1.0.0">
 <asx:abap xmlns:asx="http://www.sap.com/abapxml" version="1.0">
  <asx:values>
   <DD04V>
    <ROLLNAME>ZECTIME</ROLLNAME>
    <DDLANGUAGE>1</DDLANGUAGE>
    <HEADLEN>08</HEADLEN>
    <SCRLEN1>10</SCRLEN1>
    <SCRLEN2>20</SCRLEN2>
    <SCRLEN3>40</SCRLEN3>
    <DDTEXT>创建时间</DDTEXT>
    <REPTEXT>创建时间</REPTEXT>
    <SCRTEXT_S>创建时间</SCRTEXT_S>
    <SCRTEXT_M>创建时间</SCRTEXT_M>
    <SCRTEXT_L>创建时间</SCRTEXT_L>
    <DTELMASTER>1</DTELMASTER>
    <DATATYPE>TIMS</DATATYPE>
    <LENG>000006</LENG>
    <OUTPUTLEN>000008</OUTPUTLEN>
   </DD04V>
  </asx:values>
 </asx:abap>
</abapGit>
