﻿<?xml version="1.0" encoding="utf-8"?>
<abapGit version="v1.0.0" serializer="LCL_OBJECT_FUGR" serializer_version="v1.0.0">
 <asx:abap xmlns:asx="http://www.sap.com/abapxml" version="1.0">
  <asx:values>
   <AREAT>TEST</AREAT>
   <INCLUDES>
    <SOBJ_NAME>LZFM_MMTOP</SOBJ_NAME>
    <SOBJ_NAME>SAPLZFM_MM</SOBJ_NAME>
   </INCLUDES>
   <FUNCTIONS>
    <item>
     <FUNCNAME>ZFM_MM_GET_MARD</FUNCNAME>
     <REMOTE_CALL>R</REMOTE_CALL>
     <SHORT_TEXT>库存查询</SHORT_TEXT>
     <IMPORT>
      <RSIMP>
       <PARAMETER>I_MATNR</PARAMETER>
       <OPTIONAL>X</OPTIONAL>
       <TYP>MARA-MATNR</TYP>
      </RSIMP>
      <RSIMP>
       <PARAMETER>I_WERKS</PARAMETER>
       <TYP>MARD-WERKS</TYP>
      </RSIMP>
     </IMPORT>
     <EXPORT>
      <RSEXP>
       <PARAMETER>O_MSG</PARAMETER>
       <TYP>BAPI_MSG</TYP>
      </RSEXP>
      <RSEXP>
       <PARAMETER>O_TYPE</PARAMETER>
       <TYP>BAPI_MTYPE</TYP>
      </RSEXP>
     </EXPORT>
     <TABLES>
      <RSTBL>
       <PARAMETER>T_TAB</PARAMETER>
       <DBSTRUCT>ZSMM_MARD</DBSTRUCT>
      </RSTBL>
     </TABLES>
     <DOCUMENTATION>
      <RSFDO>
       <PARAMETER>I_MATNR</PARAMETER>
       <KIND>P</KIND>
       <STEXT>物料编号</STEXT>
      </RSFDO>
      <RSFDO>
       <PARAMETER>I_WERKS</PARAMETER>
       <KIND>P</KIND>
       <STEXT>工厂</STEXT>
      </RSFDO>
      <RSFDO>
       <PARAMETER>O_MSG</PARAMETER>
       <KIND>P</KIND>
       <STEXT>消息文本</STEXT>
      </RSFDO>
      <RSFDO>
       <PARAMETER>O_TYPE</PARAMETER>
       <KIND>P</KIND>
       <STEXT>消息类型: S 成功,E 错误,W 警告,I 信息,A 中断</STEXT>
      </RSFDO>
      <RSFDO>
       <PARAMETER>T_TAB</PARAMETER>
       <KIND>P</KIND>
       <STEXT>TEST库存结构</STEXT>
      </RSFDO>
     </DOCUMENTATION>
    </item>
    <item>
     <FUNCNAME>ZMES_SHIPNO</FUNCNAME>
     <SHORT_TEXT>ZMES_SHIPNO</SHORT_TEXT>
     <IMPORT>
      <RSIMP>
       <PARAMETER>I_SHIPNO</PARAMETER>
       <TYP>ZE_SHIPNO</TYP>
      </RSIMP>
      <RSIMP>
       <PARAMETER>I_TARGET</PARAMETER>
       <OPTIONAL>X</OPTIONAL>
       <TYP>CHAR2</TYP>
      </RSIMP>
     </IMPORT>
     <EXPORT>
      <RSEXP>
       <PARAMETER>O_RETID</PARAMETER>
       <REFERENCE>X</REFERENCE>
       <TYP>CHAR1</TYP>
      </RSEXP>
      <RSEXP>
       <PARAMETER>O_RETMSG</PARAMETER>
       <REFERENCE>X</REFERENCE>
       <TYP>CHAR200</TYP>
      </RSEXP>
     </EXPORT>
     <DOCUMENTATION>
      <RSFDO>
       <PARAMETER>I_SHIPNO</PARAMETER>
       <KIND>P</KIND>
       <STEXT>发货清单编号</STEXT>
      </RSFDO>
      <RSFDO>
       <PARAMETER>I_TARGET</PARAMETER>
       <KIND>P</KIND>
       <STEXT>版本号组件</STEXT>
      </RSFDO>
      <RSFDO>
       <PARAMETER>O_RETID</PARAMETER>
       <KIND>P</KIND>
       <STEXT>单字符标记</STEXT>
      </RSFDO>
      <RSFDO>
       <PARAMETER>O_RETMSG</PARAMETER>
       <KIND>P</KIND>
       <STEXT>文本字段长度 200</STEXT>
      </RSFDO>
     </DOCUMENTATION>
    </item>
    <item>
     <FUNCNAME>ZSD_GET_PREDN_NUMBER</FUNCNAME>
     <SHORT_TEXT>111</SHORT_TEXT>
     <IMPORT>
      <RSIMP>
       <PARAMETER>NUM_OBJECT</PARAMETER>
       <DEFAULT>&apos;ZSDPDN01&apos;</DEFAULT>
       <OPTIONAL>X</OPTIONAL>
       <REFERENCE>X</REFERENCE>
       <TYP>NROBJ</TYP>
      </RSIMP>
      <RSIMP>
       <PARAMETER>NRRANGENR</PARAMETER>
       <DEFAULT>&apos;01&apos;</DEFAULT>
       <OPTIONAL>X</OPTIONAL>
       <REFERENCE>X</REFERENCE>
       <TYP>NRNR</TYP>
      </RSIMP>
      <RSIMP>
       <PARAMETER>PREFIX</PARAMETER>
       <OPTIONAL>X</OPTIONAL>
       <REFERENCE>X</REFERENCE>
       <TYP>CHAR4</TYP>
      </RSIMP>
      <RSIMP>
       <PARAMETER>PREFIX2</PARAMETER>
       <OPTIONAL>X</OPTIONAL>
       <REFERENCE>X</REFERENCE>
       <TYP>CHAR1</TYP>
      </RSIMP>
      <RSIMP>
       <PARAMETER>PREFIX3</PARAMETER>
       <OPTIONAL>X</OPTIONAL>
       <REFERENCE>X</REFERENCE>
       <TYP>CHAR1</TYP>
      </RSIMP>
     </IMPORT>
     <EXPORT>
      <RSEXP>
       <PARAMETER>NUMBER</PARAMETER>
       <REFERENCE>X</REFERENCE>
       <TYP>CHAR14</TYP>
      </RSEXP>
      <RSEXP>
       <PARAMETER>SUBRC</PARAMETER>
       <REFERENCE>X</REFERENCE>
       <TYP>SY-SUBRC</TYP>
      </RSEXP>
     </EXPORT>
     <DOCUMENTATION>
      <RSFDO>
       <PARAMETER>NUM_OBJECT</PARAMETER>
       <KIND>P</KIND>
       <STEXT>编号范围对象</STEXT>
      </RSFDO>
      <RSFDO>
       <PARAMETER>NRRANGENR</PARAMETER>
       <KIND>P</KIND>
       <STEXT>序号区间编号</STEXT>
      </RSFDO>
      <RSFDO>
       <PARAMETER>PREFIX</PARAMETER>
       <KIND>P</KIND>
       <STEXT>未定义范围（可用于补丁级别）</STEXT>
      </RSFDO>
      <RSFDO>
       <PARAMETER>PREFIX2</PARAMETER>
       <KIND>P</KIND>
       <STEXT>单字符标记</STEXT>
      </RSFDO>
      <RSFDO>
       <PARAMETER>PREFIX3</PARAMETER>
       <KIND>P</KIND>
       <STEXT>单字符标记</STEXT>
      </RSFDO>
      <RSFDO>
       <PARAMETER>NUMBER</PARAMETER>
       <KIND>P</KIND>
       <STEXT>文本字段长度 14</STEXT>
      </RSFDO>
      <RSFDO>
       <PARAMETER>SUBRC</PARAMETER>
       <KIND>P</KIND>
       <STEXT>ABAP 系统字段：ABAP 语句的返回码</STEXT>
      </RSFDO>
     </DOCUMENTATION>
    </item>
    <item>
     <FUNCNAME>ZSD_PREDN_INFO_INPUT</FUNCNAME>
     <SHORT_TEXT>zfm_mm</SHORT_TEXT>
     <IMPORT>
      <RSIMP>
       <PARAMETER>IS_SHIPHEAD</PARAMETER>
       <REFERENCE>X</REFERENCE>
       <TYP>ZSD_SHIPHEAD</TYP>
      </RSIMP>
      <RSIMP>
       <PARAMETER>I_SHIPTYPE</PARAMETER>
       <REFERENCE>X</REFERENCE>
       <TYP>ZSD_SHIPHEAD-SHIPTYPE</TYP>
      </RSIMP>
     </IMPORT>
     <EXPORT>
      <RSEXP>
       <PARAMETER>ES_SHIPHEAD</PARAMETER>
       <REFERENCE>X</REFERENCE>
       <TYP>ZSD_SHIPHEAD</TYP>
      </RSEXP>
      <RSEXP>
       <PARAMETER>EV_ANSWER</PARAMETER>
       <REFERENCE>X</REFERENCE>
       <TYP>CHAR1</TYP>
      </RSEXP>
     </EXPORT>
     <TABLES>
      <RSTBL>
       <PARAMETER>IT_SHIPITEM</PARAMETER>
       <DBSTRUCT>ZSD_SHIPITEM</DBSTRUCT>
      </RSTBL>
     </TABLES>
     <DOCUMENTATION>
      <RSFDO>
       <PARAMETER>IS_SHIPHEAD</PARAMETER>
       <KIND>P</KIND>
       <STEXT>抬头</STEXT>
      </RSFDO>
      <RSFDO>
       <PARAMETER>I_SHIPTYPE</PARAMETER>
       <KIND>P</KIND>
       <STEXT>单据类型</STEXT>
      </RSFDO>
      <RSFDO>
       <PARAMETER>ES_SHIPHEAD</PARAMETER>
       <KIND>P</KIND>
       <STEXT>抬头</STEXT>
      </RSFDO>
      <RSFDO>
       <PARAMETER>EV_ANSWER</PARAMETER>
       <KIND>P</KIND>
       <STEXT>单字符标记</STEXT>
      </RSFDO>
      <RSFDO>
       <PARAMETER>IT_SHIPITEM</PARAMETER>
       <KIND>P</KIND>
       <STEXT>发运单行项目</STEXT>
      </RSFDO>
     </DOCUMENTATION>
    </item>
   </FUNCTIONS>
   <DYNPROS>
    <item>
     <HEADER>
      <PROGRAM>SAPLZFM_MM</PROGRAM>
      <SCREEN>0100</SCREEN>
      <LANGUAGE>1</LANGUAGE>
      <DESCRIPT>100</DESCRIPT>
      <TYPE>N</TYPE>
      <NEXTSCREEN>0100</NEXTSCREEN>
      <LINES>027</LINES>
      <COLUMNS>120</COLUMNS>
     </HEADER>
     <CONTAINERS>
      <RPY_DYCATT>
       <TYPE>SCREEN</TYPE>
       <NAME>SCREEN</NAME>
      </RPY_DYCATT>
     </CONTAINERS>
     <FIELDS>
      <RPY_DYFATC>
       <CONT_TYPE>SCREEN</CONT_TYPE>
       <CONT_NAME>SCREEN</CONT_NAME>
       <TYPE>FRAME</TYPE>
       <NAME>%#AUTOTEXT001</NAME>
       <TEXT>________________________________________________________________</TEXT>
       <LINE>002</LINE>
       <COLUMN>004</COLUMN>
       <LENGTH>065</LENGTH>
       <VISLENGTH>065</VISLENGTH>
       <HEIGHT>015</HEIGHT>
       <FORMAT>CHAR</FORMAT>
       <REQU_ENTRY>N</REQU_ENTRY>
      </RPY_DYFATC>
      <RPY_DYFATC>
       <CONT_TYPE>SCREEN</CONT_TYPE>
       <CONT_NAME>SCREEN</CONT_NAME>
       <TYPE>TEXT</TYPE>
       <NAME>TEXT</NAME>
       <TEXT>111</TEXT>
       <LINE>003</LINE>
       <COLUMN>007</COLUMN>
       <LENGTH>003</LENGTH>
       <VISLENGTH>003</VISLENGTH>
       <HEIGHT>001</HEIGHT>
       <FORMAT>CHAR</FORMAT>
       <REQU_ENTRY>N</REQU_ENTRY>
       <LABELLEFT>X</LABELLEFT>
      </RPY_DYFATC>
      <RPY_DYFATC>
       <CONT_TYPE>SCREEN</CONT_TYPE>
       <CONT_NAME>SCREEN</CONT_NAME>
       <TYPE>TEMPLATE</TYPE>
       <NAME>QQQ</NAME>
       <TEXT>____________</TEXT>
       <LINE>003</LINE>
       <COLUMN>018</COLUMN>
       <LENGTH>012</LENGTH>
       <VISLENGTH>012</VISLENGTH>
       <HEIGHT>001</HEIGHT>
       <FORMAT>CHAR</FORMAT>
       <INPUT_FLD>X</INPUT_FLD>
       <OUTPUT_FLD>X</OUTPUT_FLD>
      </RPY_DYFATC>
      <RPY_DYFATC>
       <CONT_TYPE>SCREEN</CONT_TYPE>
       <CONT_NAME>SCREEN</CONT_NAME>
       <TYPE>OKCODE</TYPE>
       <TEXT>____________________</TEXT>
       <LENGTH>020</LENGTH>
       <VISLENGTH>020</VISLENGTH>
       <HEIGHT>001</HEIGHT>
       <FORMAT>CHAR</FORMAT>
       <INPUT_FLD>X</INPUT_FLD>
      </RPY_DYFATC>
     </FIELDS>
     <FLOW_LOGIC>
      <RPY_DYFLOW>
       <LINE>PROCESS BEFORE OUTPUT.</LINE>
      </RPY_DYFLOW>
      <RPY_DYFLOW>
       <LINE>* MODULE STATUS_0100.</LINE>
      </RPY_DYFLOW>
      <RPY_DYFLOW>
       <LINE>*</LINE>
      </RPY_DYFLOW>
      <RPY_DYFLOW>
       <LINE>PROCESS AFTER INPUT.</LINE>
      </RPY_DYFLOW>
      <RPY_DYFLOW>
       <LINE>* MODULE USER_COMMAND_0100.</LINE>
      </RPY_DYFLOW>
     </FLOW_LOGIC>
    </item>
    <item>
     <HEADER>
      <PROGRAM>SAPLZFM_MM</PROGRAM>
      <SCREEN>0200</SCREEN>
      <LANGUAGE>1</LANGUAGE>
      <DESCRIPT>200</DESCRIPT>
      <TYPE>N</TYPE>
      <NEXTSCREEN>0200</NEXTSCREEN>
      <LINES>027</LINES>
      <COLUMNS>120</COLUMNS>
     </HEADER>
     <CONTAINERS>
      <RPY_DYCATT>
       <TYPE>SCREEN</TYPE>
       <NAME>SCREEN</NAME>
      </RPY_DYCATT>
     </CONTAINERS>
     <FIELDS>
      <RPY_DYFATC>
       <CONT_TYPE>SCREEN</CONT_TYPE>
       <CONT_NAME>SCREEN</CONT_NAME>
       <TYPE>OKCODE</TYPE>
       <TEXT>____________________</TEXT>
       <LENGTH>020</LENGTH>
       <VISLENGTH>020</VISLENGTH>
       <HEIGHT>001</HEIGHT>
       <FORMAT>CHAR</FORMAT>
       <INPUT_FLD>X</INPUT_FLD>
      </RPY_DYFATC>
     </FIELDS>
     <FLOW_LOGIC>
      <RPY_DYFLOW>
       <LINE>PROCESS BEFORE OUTPUT.</LINE>
      </RPY_DYFLOW>
      <RPY_DYFLOW>
       <LINE>* MODULE STATUS_0200.</LINE>
      </RPY_DYFLOW>
      <RPY_DYFLOW>
       <LINE>*</LINE>
      </RPY_DYFLOW>
      <RPY_DYFLOW>
       <LINE>PROCESS AFTER INPUT.</LINE>
      </RPY_DYFLOW>
      <RPY_DYFLOW>
       <LINE>* MODULE USER_COMMAND_0200.</LINE>
      </RPY_DYFLOW>
     </FLOW_LOGIC>
    </item>
   </DYNPROS>
  </asx:values>
 </asx:abap>
</abapGit>
