﻿<?xml version="1.0" encoding="utf-8"?>
<abapGit version="v1.0.0" serializer="LCL_OBJECT_ENHO" serializer_version="v1.0.0">
 <asx:abap xmlns:asx="http://www.sap.com/abapxml" version="1.0">
  <asx:values>
   <TOOL>BADI_IMPL</TOOL>
   <SHORTTEXT>TEST</SHORTTEXT>
   <SPOT_NAME>LE_SHP_DELIVERY_UPDATE</SPOT_NAME>
   <IMPL>
    <ENH_BADI_IMPL_DATA>
     <SPOT_NAME>LE_SHP_DELIVERY_UPDATE</SPOT_NAME>
     <BADI_NAME>LE_SHP_DELIVERY_UPDATE</BADI_NAME>
     <IMPL_NAME>ZLE_SHP_DELIV</IMPL_NAME>
     <IMPL_CLASS>ZLE_SHP_DELIV</IMPL_CLASS>
     <ACTIVE>X</ACTIVE>
     <IMPL_SHORTTEXT>实施： 更改使用外部界面的交货</IMPL_SHORTTEXT>
     <IMPL_SHORTTEXT_ID>FA163E842BEE1EEC9CD959DD9CD83CEC</IMPL_SHORTTEXT_ID>
    </ENH_BADI_IMPL_DATA>
   </IMPL>
   <SOTR>
    <item>
     <HEADER>
      <CONCEPT>FA163E842BEE1EEC9CD9577A621DFCEB</CONCEPT>
      <CREA_LAN>1</CREA_LAN>
      <TRALA_TYPE>1</TRALA_TYPE>
      <OBJID_VEC>AAI=</OBJID_VEC>
     </HEADER>
     <ENTRIES>
      <SOTR_TEXT>
       <CONCEPT>FA163E842BEE1EEC9CD9577A621DFCEB</CONCEPT>
       <LANGU>1</LANGU>
       <LFD_NUM>0001</LFD_NUM>
       <FLAG_CNTXT>X</FLAG_CNTXT>
       <FLAG_CORR>X</FLAG_CORR>
       <STATUS>R</STATUS>
       <LENGTH>255</LENGTH>
       <TEXT>TEST</TEXT>
      </SOTR_TEXT>
     </ENTRIES>
    </item>
    <item>
     <HEADER>
      <CONCEPT>FA163E842BEE1EEC9CD959DD9CD83CEC</CONCEPT>
      <CREA_LAN>1</CREA_LAN>
      <TRALA_TYPE>1</TRALA_TYPE>
      <OBJID_VEC>AAI=</OBJID_VEC>
     </HEADER>
     <ENTRIES>
      <SOTR_TEXT>
       <CONCEPT>FA163E842BEE1EEC9CD959DD9CD83CEC</CONCEPT>
       <LANGU>1</LANGU>
       <LFD_NUM>0001</LFD_NUM>
       <FLAG_CNTXT>X</FLAG_CNTXT>
       <FLAG_CORR>X</FLAG_CORR>
       <STATUS>R</STATUS>
       <LENGTH>255</LENGTH>
       <TEXT>实施： 更改使用外部界面的交货</TEXT>
      </SOTR_TEXT>
     </ENTRIES>
    </item>
   </SOTR>
   <SOTR_USE>
    <SOTR_USE>
     <PGMID>R3TR</PGMID>
     <OBJECT>ENHO</OBJECT>
     <OBJ_NAME>ZLE_SHP_DELIVERY_UPDATE</OBJ_NAME>
     <CONCEPT>FA163E842BEE1EEC9CD9577A621DFCEB</CONCEPT>
     <LFD_NUM>0001</LFD_NUM>
    </SOTR_USE>
    <SOTR_USE>
     <PGMID>R3TR</PGMID>
     <OBJECT>ENHO</OBJECT>
     <OBJ_NAME>ZLE_SHP_DELIVERY_UPDATE</OBJ_NAME>
     <CONCEPT>FA163E842BEE1EEC9CD959DD9CD83CEC</CONCEPT>
     <LFD_NUM>0001</LFD_NUM>
    </SOTR_USE>
   </SOTR_USE>
  </asx:values>
 </asx:abap>
</abapGit>
