﻿<?xml version="1.0" encoding="utf-8"?>
<abapGit version="v1.0.0" serializer="LCL_OBJECT_FUGR" serializer_version="v1.0.0">
 <asx:abap xmlns:asx="http://www.sap.com/abapxml" version="1.0">
  <asx:values>
   <AREAT>物料凭证查询</AREAT>
   <INCLUDES>
    <SOBJ_NAME>LZMMCX_01TOP</SOBJ_NAME>
    <SOBJ_NAME>SAPLZMMCX_01</SOBJ_NAME>
   </INCLUDES>
   <FUNCTIONS>
    <item>
     <FUNCNAME>ZMMCX_01</FUNCNAME>
     <SHORT_TEXT>物料凭证查询</SHORT_TEXT>
     <IMPORT>
      <RSIMP>
       <PARAMETER>I_MATNR</PARAMETER>
       <OPTIONAL>X</OPTIONAL>
       <TYP>MATNR</TYP>
      </RSIMP>
      <RSIMP>
       <PARAMETER>I_MBLNR</PARAMETER>
       <OPTIONAL>X</OPTIONAL>
       <TYP>MBLNR</TYP>
      </RSIMP>
      <RSIMP>
       <PARAMETER>I_MJAHR</PARAMETER>
       <OPTIONAL>X</OPTIONAL>
       <TYP>MJAHR</TYP>
      </RSIMP>
     </IMPORT>
     <EXPORT>
      <RSEXP>
       <PARAMETER>O_TYPE</PARAMETER>
       <REFERENCE>X</REFERENCE>
       <TYP>BAPI_MTYPE</TYP>
      </RSEXP>
      <RSEXP>
       <PARAMETER>O_MSG</PARAMETER>
       <REFERENCE>X</REFERENCE>
       <TYP>BAPI_MSG</TYP>
      </RSEXP>
     </EXPORT>
     <TABLES>
      <RSTBL>
       <PARAMETER>T_MARA</PARAMETER>
       <DBSTRUCT>ZMMCX_06</DBSTRUCT>
      </RSTBL>
     </TABLES>
     <DOCUMENTATION>
      <RSFDO>
       <PARAMETER>I_MATNR</PARAMETER>
       <KIND>P</KIND>
       <STEXT>物料编号</STEXT>
      </RSFDO>
      <RSFDO>
       <PARAMETER>I_MBLNR</PARAMETER>
       <KIND>P</KIND>
       <STEXT>物料凭证编号</STEXT>
      </RSFDO>
      <RSFDO>
       <PARAMETER>I_MJAHR</PARAMETER>
       <KIND>P</KIND>
       <STEXT>物料凭证的年份</STEXT>
      </RSFDO>
      <RSFDO>
       <PARAMETER>O_TYPE</PARAMETER>
       <KIND>P</KIND>
       <STEXT>消息类型: S 成功,E 错误,W 警告,I 信息,A 中断</STEXT>
      </RSFDO>
      <RSFDO>
       <PARAMETER>O_MSG</PARAMETER>
       <KIND>P</KIND>
       <STEXT>消息文本</STEXT>
      </RSFDO>
      <RSFDO>
       <PARAMETER>T_MARA</PARAMETER>
       <KIND>P</KIND>
       <STEXT>物料凭证查询</STEXT>
      </RSFDO>
     </DOCUMENTATION>
    </item>
   </FUNCTIONS>
  </asx:values>
 </asx:abap>
</abapGit>
