﻿<?xml version="1.0" encoding="utf-8"?>
<abapGit version="v1.0.0" serializer="LCL_OBJECT_FUGR" serializer_version="v1.0.0">
 <asx:abap xmlns:asx="http://www.sap.com/abapxml" version="1.0">
  <asx:values>
   <AREAT>采购申请创建</AREAT>
   <INCLUDES>
    <SOBJ_NAME>LZMMPR06F01</SOBJ_NAME>
    <SOBJ_NAME>LZMMPR06TOP</SOBJ_NAME>
    <SOBJ_NAME>SAPLZMMPR06</SOBJ_NAME>
   </INCLUDES>
   <FUNCTIONS>
    <item>
     <FUNCNAME>ZMMPR06</FUNCNAME>
     <REMOTE_CALL>R</REMOTE_CALL>
     <SHORT_TEXT>采购申请创建</SHORT_TEXT>
     <IMPORT>
      <RSIMP>
       <PARAMETER>IS_HEADER</PARAMETER>
       <TYP>ZRFC_ISPM71_HEADER</TYP>
      </RSIMP>
     </IMPORT>
     <EXPORT>
      <RSEXP>
       <PARAMETER>ES_RETURN</PARAMETER>
       <TYP>ZRFC_RETURN</TYP>
      </RSEXP>
     </EXPORT>
     <TABLES>
      <RSTBL>
       <PARAMETER>IT_ITEM</PARAMETER>
       <DBSTRUCT>ZRFC_ISPM71_ITEM</DBSTRUCT>
      </RSTBL>
     </TABLES>
     <DOCUMENTATION>
      <RSFDO>
       <PARAMETER>IS_HEADER</PARAMETER>
       <KIND>P</KIND>
       <STEXT>采购申请抬头</STEXT>
      </RSFDO>
      <RSFDO>
       <PARAMETER>ES_RETURN</PARAMETER>
       <KIND>P</KIND>
       <STEXT>返回消息</STEXT>
      </RSFDO>
      <RSFDO>
       <PARAMETER>IT_ITEM</PARAMETER>
       <KIND>P</KIND>
       <STEXT>采购申请行项目</STEXT>
      </RSFDO>
     </DOCUMENTATION>
    </item>
   </FUNCTIONS>
  </asx:values>
 </asx:abap>
</abapGit>
