﻿<?xml version="1.0" encoding="utf-8"?>
<abapGit version="v1.0.0" serializer="LCL_OBJECT_FUGR" serializer_version="v1.0.0">
 <asx:abap xmlns:asx="http://www.sap.com/abapxml" version="1.0">
  <asx:values>
   <AREAT>抬头信息</AREAT>
   <INCLUDES>
    <SOBJ_NAME>LZSHEAD05TOP</SOBJ_NAME>
    <SOBJ_NAME>SAPLZSHEAD05</SOBJ_NAME>
   </INCLUDES>
   <FUNCTIONS>
    <item>
     <FUNCNAME>ZSHEAD05</FUNCNAME>
     <SHORT_TEXT>抬头信息</SHORT_TEXT>
    </item>
   </FUNCTIONS>
  </asx:values>
 </asx:abap>
</abapGit>
