﻿<?xml version="1.0" encoding="utf-8"?>
<abapGit version="v1.0.0" serializer="LCL_OBJECT_DTEL" serializer_version="v1.0.0">
 <asx:abap xmlns:asx="http://www.sap.com/abapxml" version="1.0">
  <asx:values>
   <DD04V>
    <ROLLNAME>ZSTID</ROLLNAME>
    <DDLANGUAGE>1</DDLANGUAGE>
    <DOMNAME>ZDSTGL04</DOMNAME>
    <HEADLEN>20</HEADLEN>
    <SCRLEN1>09</SCRLEN1>
    <SCRLEN2>10</SCRLEN2>
    <SCRLEN3>12</SCRLEN3>
    <DDTEXT>学生ID</DDTEXT>
    <REPTEXT>学生ID</REPTEXT>
    <SCRTEXT_S>学生ID</SCRTEXT_S>
    <SCRTEXT_M>学生ID</SCRTEXT_M>
    <SCRTEXT_L>学生ID</SCRTEXT_L>
    <DTELMASTER>1</DTELMASTER>
    <REFKIND>D</REFKIND>
   </DD04V>
  </asx:values>
 </asx:abap>
</abapGit>
