﻿<?xml version="1.0" encoding="utf-8"?>
<abapGit version="v1.0.0" serializer="LCL_OBJECT_DTEL" serializer_version="v1.0.0">
 <asx:abap xmlns:asx="http://www.sap.com/abapxml" version="1.0">
  <asx:values>
   <DD04V>
    <ROLLNAME>ZSWITCH</ROLLNAME>
    <DDLANGUAGE>1</DDLANGUAGE>
    <HEADLEN>55</HEADLEN>
    <SCRLEN1>10</SCRLEN1>
    <SCRLEN2>20</SCRLEN2>
    <SCRLEN3>40</SCRLEN3>
    <DDTEXT>开关(开:X)</DDTEXT>
    <REPTEXT>开关(开:X)</REPTEXT>
    <SCRTEXT_S>开关(开:X)</SCRTEXT_S>
    <SCRTEXT_M>开关(开:X)</SCRTEXT_M>
    <SCRTEXT_L>开关(开:X)</SCRTEXT_L>
    <DTELMASTER>1</DTELMASTER>
    <DATATYPE>CHAR</DATATYPE>
    <LENG>000001</LENG>
    <OUTPUTLEN>000001</OUTPUTLEN>
   </DD04V>
  </asx:values>
 </asx:abap>
</abapGit>
