﻿<?xml version="1.0" encoding="utf-8"?>
<abapGit version="v1.0.0" serializer="LCL_OBJECT_FUGR" serializer_version="v1.0.0">
 <asx:abap xmlns:asx="http://www.sap.com/abapxml" version="1.0">
  <asx:values>
   <AREAT>ztest03函数组</AREAT>
   <INCLUDES>
    <SOBJ_NAME>LZTEST03TOP</SOBJ_NAME>
    <SOBJ_NAME>SAPLZTEST03</SOBJ_NAME>
   </INCLUDES>
   <FUNCTIONS>
    <item>
     <FUNCNAME>ZTEST03</FUNCNAME>
     <SHORT_TEXT>HANSHUMOKUAI</SHORT_TEXT>
     <IMPORT>
      <RSIMP>
       <PARAMETER>I_MATNR</PARAMETER>
       <REFERENCE>X</REFERENCE>
      </RSIMP>
     </IMPORT>
     <TABLES>
      <RSTBL>
       <PARAMETER>IT_MATNR</PARAMETER>
       <DBSTRUCT>ZSJLX</DBSTRUCT>
      </RSTBL>
      <RSTBL>
       <PARAMETER>ET_MATNR1</PARAMETER>
       <DBSTRUCT>ZSJLX</DBSTRUCT>
      </RSTBL>
     </TABLES>
     <DOCUMENTATION>
      <RSFDO>
       <PARAMETER>I_MATNR</PARAMETER>
       <KIND>P</KIND>
      </RSFDO>
      <RSFDO>
       <PARAMETER>IT_MATNR</PARAMETER>
       <KIND>P</KIND>
       <STEXT>创建数据结构</STEXT>
      </RSFDO>
      <RSFDO>
       <PARAMETER>ET_MATNR1</PARAMETER>
       <KIND>P</KIND>
       <STEXT>创建数据结构</STEXT>
      </RSFDO>
     </DOCUMENTATION>
    </item>
   </FUNCTIONS>
  </asx:values>
 </asx:abap>
</abapGit>
