﻿<?xml version="1.0" encoding="utf-8"?>
<abapGit version="v1.0.0" serializer="LCL_OBJECT_FUGR" serializer_version="v1.0.0">
 <asx:abap xmlns:asx="http://www.sap.com/abapxml" version="1.0">
  <asx:values>
   <AREAT>物料查询及输出结果</AREAT>
   <INCLUDES>
    <SOBJ_NAME>LZTEST05TOP</SOBJ_NAME>
    <SOBJ_NAME>SAPLZTEST05</SOBJ_NAME>
   </INCLUDES>
   <FUNCTIONS>
    <item>
     <FUNCNAME>ZMMCX05</FUNCNAME>
     <SHORT_TEXT>物料查询</SHORT_TEXT>
     <IMPORT>
      <RSIMP>
       <PARAMETER>I_MBLNR</PARAMETER>
       <OPTIONAL>X</OPTIONAL>
       <REFERENCE>X</REFERENCE>
       <TYP>MSEG-MBLNR</TYP>
      </RSIMP>
      <RSIMP>
       <PARAMETER>I_MJAHR</PARAMETER>
       <OPTIONAL>X</OPTIONAL>
       <REFERENCE>X</REFERENCE>
       <TYP>MSEG-MJAHR</TYP>
      </RSIMP>
      <RSIMP>
       <PARAMETER>I_MATNR</PARAMETER>
       <OPTIONAL>X</OPTIONAL>
       <REFERENCE>X</REFERENCE>
       <TYP>MSEG-MATNR</TYP>
      </RSIMP>
     </IMPORT>
     <EXPORT>
      <RSEXP>
       <PARAMETER>O_TYPE</PARAMETER>
       <REFERENCE>X</REFERENCE>
       <TYP>BAPI_MTYPE</TYP>
      </RSEXP>
      <RSEXP>
       <PARAMETER>O_MSG</PARAMETER>
       <REFERENCE>X</REFERENCE>
       <TYP>BAPI_MSG</TYP>
      </RSEXP>
     </EXPORT>
     <TABLES>
      <RSTBL>
       <PARAMETER>GT_MSEG</PARAMETER>
       <DBSTRUCT>ZMMCX_06</DBSTRUCT>
      </RSTBL>
     </TABLES>
     <DOCUMENTATION>
      <RSFDO>
       <PARAMETER>I_MBLNR</PARAMETER>
       <KIND>P</KIND>
       <STEXT>物料凭证编号</STEXT>
      </RSFDO>
      <RSFDO>
       <PARAMETER>I_MJAHR</PARAMETER>
       <KIND>P</KIND>
       <STEXT>物料凭证的年份</STEXT>
      </RSFDO>
      <RSFDO>
       <PARAMETER>I_MATNR</PARAMETER>
       <KIND>P</KIND>
       <STEXT>物料编号</STEXT>
      </RSFDO>
      <RSFDO>
       <PARAMETER>O_TYPE</PARAMETER>
       <KIND>P</KIND>
       <STEXT>消息类型: S 成功,E 错误,W 警告,I 信息,A 中断</STEXT>
      </RSFDO>
      <RSFDO>
       <PARAMETER>O_MSG</PARAMETER>
       <KIND>P</KIND>
       <STEXT>消息文本</STEXT>
      </RSFDO>
      <RSFDO>
       <PARAMETER>GT_MSEG</PARAMETER>
       <KIND>P</KIND>
       <STEXT>批量库存</STEXT>
      </RSFDO>
     </DOCUMENTATION>
    </item>
    <item>
     <FUNCNAME>ZTEST05</FUNCNAME>
     <SHORT_TEXT>测试函数模块</SHORT_TEXT>
     <IMPORT>
      <RSIMP>
       <PARAMETER>I_MATNR</PARAMETER>
       <OPTIONAL>X</OPTIONAL>
       <REFERENCE>X</REFERENCE>
       <TYP>MATNR</TYP>
      </RSIMP>
      <RSIMP>
       <PARAMETER>I_WERKS</PARAMETER>
       <OPTIONAL>X</OPTIONAL>
       <REFERENCE>X</REFERENCE>
       <TYP>WERKS_D</TYP>
      </RSIMP>
     </IMPORT>
     <EXPORT>
      <RSEXP>
       <PARAMETER>O_TYPE</PARAMETER>
       <REFERENCE>X</REFERENCE>
       <TYP>BAPI_MTYPE</TYP>
      </RSEXP>
      <RSEXP>
       <PARAMETER>O_MSG</PARAMETER>
       <REFERENCE>X</REFERENCE>
       <TYP>BAPI_MSG</TYP>
      </RSEXP>
     </EXPORT>
     <TABLES>
      <RSTBL>
       <PARAMETER>T_MARA</PARAMETER>
       <DBSTRUCT>MCHB</DBSTRUCT>
      </RSTBL>
     </TABLES>
     <DOCUMENTATION>
      <RSFDO>
       <PARAMETER>I_MATNR</PARAMETER>
       <KIND>P</KIND>
       <STEXT>物料编号</STEXT>
      </RSFDO>
      <RSFDO>
       <PARAMETER>I_WERKS</PARAMETER>
       <KIND>P</KIND>
       <STEXT>工厂</STEXT>
      </RSFDO>
      <RSFDO>
       <PARAMETER>O_TYPE</PARAMETER>
       <KIND>P</KIND>
       <STEXT>消息类型: S 成功,E 错误,W 警告,I 信息,A 中断</STEXT>
      </RSFDO>
      <RSFDO>
       <PARAMETER>O_MSG</PARAMETER>
       <KIND>P</KIND>
       <STEXT>消息文本</STEXT>
      </RSFDO>
      <RSFDO>
       <PARAMETER>T_MARA</PARAMETER>
       <KIND>P</KIND>
       <STEXT>批量库存</STEXT>
      </RSFDO>
     </DOCUMENTATION>
    </item>
    <item>
     <FUNCNAME>ZTEST_XZW_PUT</FUNCNAME>
     <SHORT_TEXT>用于查询</SHORT_TEXT>
     <TABLES>
      <RSTBL>
       <PARAMETER>IT_MATNR</PARAMETER>
       <DBSTRUCT>ZXZW_CANKAO</DBSTRUCT>
      </RSTBL>
      <RSTBL>
       <PARAMETER>OT_MATNR</PARAMETER>
       <DBSTRUCT>ZXZW_CANKAO</DBSTRUCT>
      </RSTBL>
     </TABLES>
     <DOCUMENTATION>
      <RSFDO>
       <PARAMETER>IT_MATNR</PARAMETER>
       <KIND>P</KIND>
       <STEXT>查询</STEXT>
      </RSFDO>
      <RSFDO>
       <PARAMETER>OT_MATNR</PARAMETER>
       <KIND>P</KIND>
       <STEXT>输出</STEXT>
      </RSFDO>
     </DOCUMENTATION>
    </item>
    <item>
     <FUNCNAME>ZTEST_XZW_SEARCH</FUNCNAME>
     <SHORT_TEXT>查询</SHORT_TEXT>
    </item>
   </FUNCTIONS>
  </asx:values>
 </asx:abap>
</abapGit>
