﻿<?xml version="1.0" encoding="utf-8"?>
<abapGit version="v1.0.0" serializer="LCL_OBJECT_FUGR" serializer_version="v1.0.0">
 <asx:abap xmlns:asx="http://www.sap.com/abapxml" version="1.0">
  <asx:values>
   <AREAT>TEST00 函数组</AREAT>
   <INCLUDES>
    <SOBJ_NAME>LZTEST00TOP</SOBJ_NAME>
    <SOBJ_NAME>SAPLZTEST00</SOBJ_NAME>
   </INCLUDES>
   <FUNCTIONS>
    <item>
     <FUNCNAME>ZMM_TEST00</FUNCNAME>
     <REMOTE_CALL>R</REMOTE_CALL>
     <SHORT_TEXT>测试</SHORT_TEXT>
     <IMPORT>
      <RSIMP>
       <PARAMETER>I_MATNR</PARAMETER>
       <TYP>MATNR</TYP>
      </RSIMP>
      <RSIMP>
       <PARAMETER>I_WERKS</PARAMETER>
       <TYP>WERKS_D</TYP>
      </RSIMP>
      <RSIMP>
       <PARAMETER>T_IMPORT</PARAMETER>
       <TYP>ZTEST_IMPORT</TYP>
      </RSIMP>
     </IMPORT>
     <EXPORT>
      <RSEXP>
       <PARAMETER>O_TYPE</PARAMETER>
       <TYP>BAPI_MTYPE</TYP>
      </RSEXP>
      <RSEXP>
       <PARAMETER>O_MSG</PARAMETER>
       <TYP>BAPI_MSG</TYP>
      </RSEXP>
     </EXPORT>
     <TABLES>
      <RSTBL>
       <PARAMETER>T_MARA</PARAMETER>
       <DBSTRUCT>MCHB</DBSTRUCT>
      </RSTBL>
     </TABLES>
     <DOCUMENTATION>
      <RSFDO>
       <PARAMETER>I_MATNR</PARAMETER>
       <KIND>P</KIND>
       <STEXT>物料编号</STEXT>
      </RSFDO>
      <RSFDO>
       <PARAMETER>I_WERKS</PARAMETER>
       <KIND>P</KIND>
       <STEXT>工厂</STEXT>
      </RSFDO>
      <RSFDO>
       <PARAMETER>T_IMPORT</PARAMETER>
       <KIND>P</KIND>
       <STEXT>入参结构</STEXT>
      </RSFDO>
      <RSFDO>
       <PARAMETER>O_TYPE</PARAMETER>
       <KIND>P</KIND>
       <STEXT>消息类型: S 成功,E 错误,W 警告,I 信息,A 中断</STEXT>
      </RSFDO>
      <RSFDO>
       <PARAMETER>O_MSG</PARAMETER>
       <KIND>P</KIND>
       <STEXT>消息文本</STEXT>
      </RSFDO>
      <RSFDO>
       <PARAMETER>T_MARA</PARAMETER>
       <KIND>P</KIND>
       <STEXT>批量库存</STEXT>
      </RSFDO>
     </DOCUMENTATION>
    </item>
    <item>
     <FUNCNAME>ZMM_TEST01</FUNCNAME>
     <SHORT_TEXT>测试1</SHORT_TEXT>
    </item>
    <item>
     <FUNCNAME>ZSAP_CONVERT_TO_CSV_FORMAT</FUNCNAME>
     <SHORT_TEXT>生成CSV文件函数</SHORT_TEXT>
     <IMPORT>
      <RSIMP>
       <PARAMETER>I_FIELD_SEPERATOR</PARAMETER>
       <DEFAULT>&apos;;&apos;</DEFAULT>
       <OPTIONAL>X</OPTIONAL>
       <TYP>CHAR01</TYP>
      </RSIMP>
      <RSIMP>
       <PARAMETER>I_LINE_HEADER</PARAMETER>
       <OPTIONAL>X</OPTIONAL>
       <TYP>CHAR01</TYP>
      </RSIMP>
      <RSIMP>
       <PARAMETER>I_FILENAME</PARAMETER>
       <DBFIELD>RLGRAP-FILENAME</DBFIELD>
       <OPTIONAL>X</OPTIONAL>
      </RSIMP>
      <RSIMP>
       <PARAMETER>I_APPL_KEEP</PARAMETER>
       <DEFAULT>SPACE</DEFAULT>
       <OPTIONAL>X</OPTIONAL>
       <TYP>CHAR01</TYP>
      </RSIMP>
     </IMPORT>
     <CHANGING>
      <RSCHA>
       <PARAMETER>I_TAB_CONVERTED_DATA</PARAMETER>
       <REFERENCE>X</REFERENCE>
       <TYP>TRUXS_T_TEXT_DATA</TYP>
      </RSCHA>
     </CHANGING>
     <TABLES>
      <RSTBL>
       <PARAMETER>I_TAB_SAP_DATA</PARAMETER>
       <TYP>STANDARD TABLE</TYP>
      </RSTBL>
     </TABLES>
     <EXCEPTION>
      <RSEXC>
       <EXCEPTION>CONVERSION_FAILED</EXCEPTION>
      </RSEXC>
     </EXCEPTION>
     <DOCUMENTATION>
      <RSFDO>
       <PARAMETER>I_FIELD_SEPERATOR</PARAMETER>
       <KIND>P</KIND>
       <STEXT>长度为 1 的字符字段</STEXT>
      </RSFDO>
      <RSFDO>
       <PARAMETER>I_LINE_HEADER</PARAMETER>
       <KIND>P</KIND>
       <STEXT>长度为 1 的字符字段</STEXT>
      </RSFDO>
      <RSFDO>
       <PARAMETER>I_FILENAME</PARAMETER>
       <KIND>P</KIND>
       <STEXT>用于装载/卸载的局部文件</STEXT>
      </RSFDO>
      <RSFDO>
       <PARAMETER>I_APPL_KEEP</PARAMETER>
       <KIND>P</KIND>
       <STEXT>长度为 1 的字符字段</STEXT>
      </RSFDO>
      <RSFDO>
       <PARAMETER>I_TAB_SAP_DATA</PARAMETER>
       <KIND>P</KIND>
      </RSFDO>
      <RSFDO>
       <PARAMETER>I_TAB_CONVERTED_DATA</PARAMETER>
       <KIND>P</KIND>
      </RSFDO>
      <RSFDO>
       <PARAMETER>CONVERSION_FAILED</PARAMETER>
       <KIND>X</KIND>
      </RSFDO>
     </DOCUMENTATION>
    </item>
    <item>
     <FUNCNAME>ZSAP_CONVERT_TO_TEX_FORMAT</FUNCNAME>
     <SHORT_TEXT>NOTRANSL: SAP Datenformat nach PC Format mit Fieldsep. konvertieren</SHORT_TEXT>
     <IMPORT>
      <RSIMP>
       <PARAMETER>I_FIELD_SEPERATOR</PARAMETER>
       <TYP>CHAR01</TYP>
      </RSIMP>
      <RSIMP>
       <PARAMETER>I_LINE_HEADER</PARAMETER>
       <OPTIONAL>X</OPTIONAL>
       <TYP>CHAR01</TYP>
      </RSIMP>
      <RSIMP>
       <PARAMETER>I_FILENAME</PARAMETER>
       <DBFIELD>RLGRAP-FILENAME</DBFIELD>
       <OPTIONAL>X</OPTIONAL>
      </RSIMP>
      <RSIMP>
       <PARAMETER>I_APPL_KEEP</PARAMETER>
       <DEFAULT>SPACE</DEFAULT>
       <OPTIONAL>X</OPTIONAL>
       <TYP>CHAR01</TYP>
      </RSIMP>
      <RSIMP>
       <PARAMETER>I_STEP</PARAMETER>
       <DEFAULT>5</DEFAULT>
       <OPTIONAL>X</OPTIONAL>
       <TYP>I</TYP>
      </RSIMP>
     </IMPORT>
     <CHANGING>
      <RSCHA>
       <PARAMETER>I_TAB_CONVERTED_DATA</PARAMETER>
       <REFERENCE>X</REFERENCE>
       <TYP>TRUXS_T_TEXT_DATA</TYP>
      </RSCHA>
     </CHANGING>
     <TABLES>
      <RSTBL>
       <PARAMETER>I_TAB_SAP_DATA</PARAMETER>
       <TYP>STANDARD TABLE</TYP>
      </RSTBL>
     </TABLES>
     <EXCEPTION>
      <RSEXC>
       <EXCEPTION>CONVERSION_FAILED</EXCEPTION>
      </RSEXC>
     </EXCEPTION>
     <DOCUMENTATION>
      <RSFDO>
       <PARAMETER>I_FIELD_SEPERATOR</PARAMETER>
       <KIND>P</KIND>
       <STEXT>Character Field Length 1</STEXT>
      </RSFDO>
      <RSFDO>
       <PARAMETER>I_LINE_HEADER</PARAMETER>
       <KIND>P</KIND>
       <STEXT>Character Field Length 1</STEXT>
      </RSFDO>
      <RSFDO>
       <PARAMETER>I_FILENAME</PARAMETER>
       <KIND>P</KIND>
       <STEXT>Local file for upload/download</STEXT>
      </RSFDO>
      <RSFDO>
       <PARAMETER>I_APPL_KEEP</PARAMETER>
       <KIND>P</KIND>
       <STEXT>Character Field Length 1</STEXT>
      </RSFDO>
      <RSFDO>
       <PARAMETER>I_STEP</PARAMETER>
       <KIND>P</KIND>
       <STEXT>Steps for progress indicator</STEXT>
      </RSFDO>
      <RSFDO>
       <PARAMETER>I_TAB_SAP_DATA</PARAMETER>
       <KIND>P</KIND>
      </RSFDO>
      <RSFDO>
       <PARAMETER>I_TAB_CONVERTED_DATA</PARAMETER>
       <KIND>P</KIND>
      </RSFDO>
      <RSFDO>
       <PARAMETER>CONVERSION_FAILED</PARAMETER>
       <KIND>X</KIND>
      </RSFDO>
     </DOCUMENTATION>
    </item>
    <item>
     <FUNCNAME>ZTY_FTP</FUNCNAME>
     <SHORT_TEXT>FTP</SHORT_TEXT>
     <IMPORT>
      <RSIMP>
       <PARAMETER>I_ZINAME</PARAMETER>
       <REFERENCE>X</REFERENCE>
       <TYP>ZINAME</TYP>
      </RSIMP>
      <RSIMP>
       <PARAMETER>I_ZFILE</PARAMETER>
       <REFERENCE>X</REFERENCE>
       <TYP>ZFILE</TYP>
      </RSIMP>
      <RSIMP>
       <PARAMETER>I_ZTYPE</PARAMETER>
       <OPTIONAL>X</OPTIONAL>
       <REFERENCE>X</REFERENCE>
       <TYP>ZFILE</TYP>
      </RSIMP>
      <RSIMP>
       <PARAMETER>I_MOD</PARAMETER>
       <REFERENCE>X</REFERENCE>
       <TYP>CHAR1</TYP>
      </RSIMP>
      <RSIMP>
       <PARAMETER>I_BATCH</PARAMETER>
       <OPTIONAL>X</OPTIONAL>
       <REFERENCE>X</REFERENCE>
       <TYP>CHAR1</TYP>
      </RSIMP>
     </IMPORT>
     <TABLES>
      <RSTBL>
       <PARAMETER>T_TEXT</PARAMETER>
       <DBSTRUCT>CHAR4096</DBSTRUCT>
       <OPTIONAL>X</OPTIONAL>
      </RSTBL>
     </TABLES>
     <DOCUMENTATION>
      <RSFDO>
       <PARAMETER>I_ZINAME</PARAMETER>
       <KIND>P</KIND>
       <STEXT>接口名称</STEXT>
      </RSFDO>
      <RSFDO>
       <PARAMETER>I_ZFILE</PARAMETER>
       <KIND>P</KIND>
       <STEXT>文件名称</STEXT>
      </RSFDO>
      <RSFDO>
       <PARAMETER>I_ZTYPE</PARAMETER>
       <KIND>P</KIND>
       <STEXT>文件名</STEXT>
      </RSFDO>
      <RSFDO>
       <PARAMETER>I_MOD</PARAMETER>
       <KIND>P</KIND>
       <STEXT>单字符标记</STEXT>
      </RSFDO>
      <RSFDO>
       <PARAMETER>I_BATCH</PARAMETER>
       <KIND>P</KIND>
       <STEXT>后台-X</STEXT>
      </RSFDO>
      <RSFDO>
       <PARAMETER>T_TEXT</PARAMETER>
       <KIND>P</KIND>
       <STEXT>used for CL_COM_TREE</STEXT>
      </RSFDO>
     </DOCUMENTATION>
    </item>
    <item>
     <FUNCNAME>ZTY_INTERFACE_HTTP</FUNCNAME>
     <SHORT_TEXT>http接口</SHORT_TEXT>
     <IMPORT>
      <RSIMP>
       <PARAMETER>I_URL</PARAMETER>
       <REFERENCE>X</REFERENCE>
       <TYP>STRING</TYP>
      </RSIMP>
      <RSIMP>
       <PARAMETER>I_JSON</PARAMETER>
       <OPTIONAL>X</OPTIONAL>
       <REFERENCE>X</REFERENCE>
       <TYP>STRING</TYP>
      </RSIMP>
      <RSIMP>
       <PARAMETER>I_BASEINFO</PARAMETER>
       <OPTIONAL>X</OPTIONAL>
       <REFERENCE>X</REFERENCE>
       <TYP>STRING</TYP>
      </RSIMP>
      <RSIMP>
       <PARAMETER>I_MAINDATA</PARAMETER>
       <OPTIONAL>X</OPTIONAL>
       <REFERENCE>X</REFERENCE>
       <TYP>STRING</TYP>
      </RSIMP>
      <RSIMP>
       <PARAMETER>I_DETAILDATA</PARAMETER>
       <OPTIONAL>X</OPTIONAL>
       <REFERENCE>X</REFERENCE>
       <TYP>STRING</TYP>
      </RSIMP>
     </IMPORT>
     <EXPORT>
      <RSEXP>
       <PARAMETER>O_RESULT</PARAMETER>
       <REFERENCE>X</REFERENCE>
       <TYP>STRING</TYP>
      </RSEXP>
     </EXPORT>
     <DOCUMENTATION>
      <RSFDO>
       <PARAMETER>I_URL</PARAMETER>
       <KIND>P</KIND>
       <STEXT>URL</STEXT>
      </RSFDO>
      <RSFDO>
       <PARAMETER>I_JSON</PARAMETER>
       <KIND>P</KIND>
       <STEXT>json报文(WMS用)</STEXT>
      </RSFDO>
      <RSFDO>
       <PARAMETER>I_BASEINFO</PARAMETER>
       <KIND>P</KIND>
       <STEXT>流程基础信息(OA用)</STEXT>
      </RSFDO>
      <RSFDO>
       <PARAMETER>I_MAINDATA</PARAMETER>
       <KIND>P</KIND>
       <STEXT>流程主表字段信息(OA用)</STEXT>
      </RSFDO>
      <RSFDO>
       <PARAMETER>I_DETAILDATA</PARAMETER>
       <KIND>P</KIND>
       <STEXT>流程明细表信息(OA用)</STEXT>
      </RSFDO>
      <RSFDO>
       <PARAMETER>O_RESULT</PARAMETER>
       <KIND>P</KIND>
      </RSFDO>
     </DOCUMENTATION>
    </item>
    <item>
     <FUNCNAME>ZTY_INTERFACE_LOG</FUNCNAME>
     <SHORT_TEXT>通用函数组</SHORT_TEXT>
     <IMPORT>
      <RSIMP>
       <PARAMETER>I_ZURL</PARAMETER>
       <OPTIONAL>X</OPTIONAL>
       <REFERENCE>X</REFERENCE>
       <TYP>STRING</TYP>
      </RSIMP>
      <RSIMP>
       <PARAMETER>I_ZINAME</PARAMETER>
       <OPTIONAL>X</OPTIONAL>
       <REFERENCE>X</REFERENCE>
       <TYP>ZINAME</TYP>
      </RSIMP>
      <RSIMP>
       <PARAMETER>I_JSON</PARAMETER>
       <REFERENCE>X</REFERENCE>
       <TYP>STRING</TYP>
      </RSIMP>
      <RSIMP>
       <PARAMETER>I_SR</PARAMETER>
       <REFERENCE>X</REFERENCE>
       <TYP>CHAR1</TYP>
      </RSIMP>
      <RSIMP>
       <PARAMETER>I_NUMBER</PARAMETER>
       <OPTIONAL>X</OPTIONAL>
       <REFERENCE>X</REFERENCE>
       <TYP>ZLOGNO</TYP>
      </RSIMP>
     </IMPORT>
     <EXPORT>
      <RSEXP>
       <PARAMETER>O_NUMBER</PARAMETER>
       <REFERENCE>X</REFERENCE>
       <TYP>ZLOGNO</TYP>
      </RSEXP>
     </EXPORT>
     <DOCUMENTATION>
      <RSFDO>
       <PARAMETER>I_ZURL</PARAMETER>
       <KIND>P</KIND>
       <STEXT>URL</STEXT>
      </RSFDO>
      <RSFDO>
       <PARAMETER>I_ZINAME</PARAMETER>
       <KIND>P</KIND>
       <STEXT>接口名称</STEXT>
      </RSFDO>
      <RSFDO>
       <PARAMETER>I_JSON</PARAMETER>
       <KIND>P</KIND>
       <STEXT>json</STEXT>
      </RSFDO>
      <RSFDO>
       <PARAMETER>I_SR</PARAMETER>
       <KIND>P</KIND>
       <STEXT>单字符标记</STEXT>
      </RSFDO>
      <RSFDO>
       <PARAMETER>I_NUMBER</PARAMETER>
       <KIND>P</KIND>
       <STEXT>接口数据流水号</STEXT>
      </RSFDO>
      <RSFDO>
       <PARAMETER>O_NUMBER</PARAMETER>
       <KIND>P</KIND>
       <STEXT>接口数据流水号</STEXT>
      </RSFDO>
     </DOCUMENTATION>
    </item>
    <item>
     <FUNCNAME>ZTY_SAPSERVER_CSV</FUNCNAME>
     <SHORT_TEXT>SAPSERVER文件交互_CSV</SHORT_TEXT>
     <IMPORT>
      <RSIMP>
       <PARAMETER>I_MOD</PARAMETER>
       <REFERENCE>X</REFERENCE>
       <TYP>CHAR1</TYP>
      </RSIMP>
      <RSIMP>
       <PARAMETER>I_FILE</PARAMETER>
       <REFERENCE>X</REFERENCE>
       <TYP>ZFILE</TYP>
      </RSIMP>
      <RSIMP>
       <PARAMETER>I_TYPE</PARAMETER>
       <OPTIONAL>X</OPTIONAL>
       <REFERENCE>X</REFERENCE>
       <TYP>ZFILE</TYP>
      </RSIMP>
      <RSIMP>
       <PARAMETER>I_HEADER</PARAMETER>
       <OPTIONAL>X</OPTIONAL>
       <REFERENCE>X</REFERENCE>
       <TYP>CHAR1</TYP>
      </RSIMP>
      <RSIMP>
       <PARAMETER>I_BATCH</PARAMETER>
       <OPTIONAL>X</OPTIONAL>
       <REFERENCE>X</REFERENCE>
       <TYP>CHAR1</TYP>
      </RSIMP>
     </IMPORT>
     <TABLES>
      <RSTBL>
       <PARAMETER>T_DATA</PARAMETER>
       <TYP>STANDARD TABLE</TYP>
      </RSTBL>
     </TABLES>
     <DOCUMENTATION>
      <RSFDO>
       <PARAMETER>I_MOD</PARAMETER>
       <KIND>P</KIND>
       <STEXT>T-写入;R-读取</STEXT>
      </RSFDO>
      <RSFDO>
       <PARAMETER>I_FILE</PARAMETER>
       <KIND>P</KIND>
       <STEXT>文件路径</STEXT>
      </RSFDO>
      <RSFDO>
       <PARAMETER>I_TYPE</PARAMETER>
       <KIND>P</KIND>
       <STEXT>文件种类</STEXT>
      </RSFDO>
      <RSFDO>
       <PARAMETER>I_HEADER</PARAMETER>
       <KIND>P</KIND>
       <STEXT>内容表头</STEXT>
      </RSFDO>
      <RSFDO>
       <PARAMETER>I_BATCH</PARAMETER>
       <KIND>P</KIND>
       <STEXT>后台-X</STEXT>
      </RSFDO>
      <RSFDO>
       <PARAMETER>T_DATA</PARAMETER>
       <KIND>P</KIND>
      </RSFDO>
     </DOCUMENTATION>
    </item>
   </FUNCTIONS>
  </asx:values>
 </asx:abap>
</abapGit>
