﻿<?xml version="1.0" encoding="utf-8"?>
<abapGit version="v1.0.0" serializer="LCL_OBJECT_FUGR" serializer_version="v1.0.0">
 <asx:abap xmlns:asx="http://www.sap.com/abapxml" version="1.0">
  <asx:values>
   <AREAT>TEXT</AREAT>
   <INCLUDES>
    <SOBJ_NAME>LYCWT_001TOP</SOBJ_NAME>
    <SOBJ_NAME>SAPLYCWT_001</SOBJ_NAME>
   </INCLUDES>
   <FUNCTIONS>
    <item>
     <FUNCNAME>Z_CWTTEXT001</FUNCNAME>
     <SHORT_TEXT>TEXT</SHORT_TEXT>
     <IMPORT>
      <RSIMP>
       <PARAMETER>Z_JIA1</PARAMETER>
       <REFERENCE>X</REFERENCE>
       <TYP>I</TYP>
      </RSIMP>
      <RSIMP>
       <PARAMETER>Z_JIA2</PARAMETER>
       <REFERENCE>X</REFERENCE>
       <TYP>I</TYP>
      </RSIMP>
     </IMPORT>
     <EXPORT>
      <RSEXP>
       <PARAMETER>Z_SUM</PARAMETER>
       <REFERENCE>X</REFERENCE>
       <TYP>I</TYP>
      </RSEXP>
     </EXPORT>
     <TABLES>
      <RSTBL>
       <PARAMETER>BIAO</PARAMETER>
       <DBSTRUCT>ZTCWT_EKKO</DBSTRUCT>
      </RSTBL>
     </TABLES>
     <DOCUMENTATION>
      <RSFDO>
       <PARAMETER>Z_JIA1</PARAMETER>
       <KIND>P</KIND>
      </RSFDO>
      <RSFDO>
       <PARAMETER>Z_JIA2</PARAMETER>
       <KIND>P</KIND>
      </RSFDO>
      <RSFDO>
       <PARAMETER>Z_SUM</PARAMETER>
       <KIND>P</KIND>
      </RSFDO>
      <RSFDO>
       <PARAMETER>BIAO</PARAMETER>
       <KIND>P</KIND>
       <STEXT>作业表-cwt</STEXT>
      </RSFDO>
     </DOCUMENTATION>
    </item>
   </FUNCTIONS>
  </asx:values>
 </asx:abap>
</abapGit>
