﻿<?xml version="1.0" encoding="utf-8"?>
<abapGit version="v1.0.0" serializer="LCL_OBJECT_PROG" serializer_version="v1.0.0">
 <asx:abap xmlns:asx="http://www.sap.com/abapxml" version="1.0">
  <asx:values>
   <PROGDIR>
    <NAME>Z_753951</NAME>
    <SUBC>1</SUBC>
    <RLOAD>1</RLOAD>
    <FIXPT>X</FIXPT>
    <UCCHECK>X</UCCHECK>
   </PROGDIR>
   <TPOOL>
    <item>
     <ID>R</ID>
     <ENTRY>交货清单报表</ENTRY>
     <LENGTH>6</LENGTH>
    </item>
    <item>
     <ID>S</ID>
     <KEY>S_IST</KEY>
     <ENTRY>实际交货日期</ENTRY>
     <LENGTH>14</LENGTH>
    </item>
    <item>
     <ID>S</ID>
     <KEY>S_MATNR</KEY>
     <ENTRY>物料号</ENTRY>
     <LENGTH>11</LENGTH>
    </item>
    <item>
     <ID>S</ID>
     <KEY>S_VBELN</KEY>
     <ENTRY>交货单号</ENTRY>
     <LENGTH>12</LENGTH>
    </item>
    <item>
     <ID>S</ID>
     <KEY>S_VGBEL</KEY>
     <ENTRY>销售订单号</ENTRY>
     <LENGTH>13</LENGTH>
    </item>
    <item>
     <ID>S</ID>
     <KEY>S_VKORG</KEY>
     <ENTRY>销售组织</ENTRY>
     <LENGTH>12</LENGTH>
    </item>
    <item>
     <ID>S</ID>
     <KEY>S_VTWEG</KEY>
     <ENTRY>分销渠道</ENTRY>
     <LENGTH>12</LENGTH>
    </item>
    <item>
     <ID>S</ID>
     <KEY>S_WADAT</KEY>
     <ENTRY>计划交货日期</ENTRY>
     <LENGTH>14</LENGTH>
    </item>
    <item>
     <ID>S</ID>
     <KEY>S_WBSTK</KEY>
     <ENTRY>过账状态</ENTRY>
     <LENGTH>12</LENGTH>
    </item>
   </TPOOL>
  </asx:values>
 </asx:abap>
</abapGit>
