﻿<?xml version="1.0" encoding="utf-8"?>
<abapGit version="v1.0.0" serializer="LCL_OBJECT_CLAS" serializer_version="v1.0.0">
 <asx:abap xmlns:asx="http://www.sap.com/abapxml" version="1.0">
  <asx:values>
   <VSEOCLASS>
    <CLSNAME>Z_CL_LCC_DEMO001</CLSNAME>
    <LANGU>1</LANGU>
    <DESCRIPT>测试类</DESCRIPT>
    <STATE>1</STATE>
    <CLSCCINCL>X</CLSCCINCL>
    <FIXPT>X</FIXPT>
    <UNICODE>X</UNICODE>
   </VSEOCLASS>
   <DESCRIPTIONS>
    <SEOCOMPOTX>
     <CLSNAME>Z_CL_LCC_DEMO001</CLSNAME>
     <CMPNAME>CONCATENATE</CMPNAME>
     <LANGU>1</LANGU>
     <DESCRIPT>拼接字符串方法</DESCRIPT>
    </SEOCOMPOTX>
    <SEOCOMPOTX>
     <CLSNAME>Z_CL_LCC_DEMO001</CLSNAME>
     <CMPNAME>TEXT1</CMPNAME>
     <LANGU>1</LANGU>
     <DESCRIPT>字符 20</DESCRIPT>
    </SEOCOMPOTX>
    <SEOCOMPOTX>
     <CLSNAME>Z_CL_LCC_DEMO001</CLSNAME>
     <CMPNAME>TEXT2</CMPNAME>
     <LANGU>1</LANGU>
     <DESCRIPT>字符 20</DESCRIPT>
    </SEOCOMPOTX>
   </DESCRIPTIONS>
  </asx:values>
 </asx:abap>
</abapGit>
