﻿<?xml version="1.0" encoding="utf-8"?>
<abapGit version="v1.0.0" serializer="LCL_OBJECT_PROG" serializer_version="v1.0.0">
 <asx:abap xmlns:asx="http://www.sap.com/abapxml" version="1.0">
  <asx:values>
   <PROGDIR>
    <NAME>Z_CWT_0721</NAME>
    <SUBC>1</SUBC>
    <RLOAD>1</RLOAD>
    <FIXPT>X</FIXPT>
    <UCCHECK>X</UCCHECK>
   </PROGDIR>
   <TPOOL>
    <item>
     <ID>R</ID>
     <ENTRY>GOOD</ENTRY>
     <LENGTH>4</LENGTH>
    </item>
    <item>
     <ID>S</ID>
     <KEY>P_FILE</KEY>
     <ENTRY>上传工艺路线模板</ENTRY>
     <LENGTH>16</LENGTH>
    </item>
    <item>
     <ID>S</ID>
     <KEY>R_1</KEY>
     <ENTRY>创建</ENTRY>
     <LENGTH>10</LENGTH>
    </item>
    <item>
     <ID>S</ID>
     <KEY>R_2</KEY>
     <ENTRY>更改</ENTRY>
     <LENGTH>10</LENGTH>
    </item>
   </TPOOL>
  </asx:values>
 </asx:abap>
</abapGit>
