﻿<?xml version="1.0" encoding="utf-8"?>
<abapGit version="v1.0.0" serializer="LCL_OBJECT_FUGR" serializer_version="v1.0.0">
 <asx:abap xmlns:asx="http://www.sap.com/abapxml" version="1.0">
  <asx:values>
   <AREAT>HJH函数组</AREAT>
   <INCLUDES>
    <SOBJ_NAME>LZ_HJH_HSZTOP</SOBJ_NAME>
    <SOBJ_NAME>SAPLZ_HJH_HSZ</SOBJ_NAME>
   </INCLUDES>
   <FUNCTIONS>
    <item>
     <FUNCNAME>ZMM_HJH_001</FUNCNAME>
     <SHORT_TEXT>2021.07.01 HJH 作业</SHORT_TEXT>
     <IMPORT>
      <RSIMP>
       <PARAMETER>I_EBELN</PARAMETER>
       <REFERENCE>X</REFERENCE>
       <TYP>EBELN</TYP>
      </RSIMP>
     </IMPORT>
     <EXPORT>
      <RSEXP>
       <PARAMETER>E_RESULT</PARAMETER>
       <REFERENCE>X</REFERENCE>
       <TYP>CHAR1</TYP>
      </RSEXP>
     </EXPORT>
     <TABLES>
      <RSTBL>
       <PARAMETER>T_TABLE</PARAMETER>
       <DBSTRUCT>EKKO</DBSTRUCT>
      </RSTBL>
     </TABLES>
     <DOCUMENTATION>
      <RSFDO>
       <PARAMETER>I_EBELN</PARAMETER>
       <KIND>P</KIND>
       <STEXT>采购凭证编号</STEXT>
      </RSFDO>
      <RSFDO>
       <PARAMETER>E_RESULT</PARAMETER>
       <KIND>P</KIND>
       <STEXT>传出标识</STEXT>
      </RSFDO>
      <RSFDO>
       <PARAMETER>T_TABLE</PARAMETER>
       <KIND>P</KIND>
       <STEXT>采购凭证抬头</STEXT>
      </RSFDO>
     </DOCUMENTATION>
    </item>
    <item>
     <FUNCNAME>ZMM_HJH_002</FUNCNAME>
     <SHORT_TEXT>测试</SHORT_TEXT>
     <IMPORT>
      <RSIMP>
       <PARAMETER>I_PUT1</PARAMETER>
       <REFERENCE>X</REFERENCE>
       <TYP>ZSHJHTEST003</TYP>
      </RSIMP>
     </IMPORT>
     <EXPORT>
      <RSEXP>
       <PARAMETER>O_PUT1</PARAMETER>
       <REFERENCE>X</REFERENCE>
       <TYP>CHAR1</TYP>
      </RSEXP>
      <RSEXP>
       <PARAMETER>O_PUT2</PARAMETER>
       <REFERENCE>X</REFERENCE>
       <TYP>CHAR200</TYP>
      </RSEXP>
     </EXPORT>
     <TABLES>
      <RSTBL>
       <PARAMETER>T_TABLE</PARAMETER>
       <DBSTRUCT>ZSHJHTEST004</DBSTRUCT>
      </RSTBL>
     </TABLES>
     <DOCUMENTATION>
      <RSFDO>
       <PARAMETER>I_PUT1</PARAMETER>
       <KIND>P</KIND>
       <STEXT>传入值</STEXT>
      </RSFDO>
      <RSFDO>
       <PARAMETER>O_PUT1</PARAMETER>
       <KIND>P</KIND>
       <STEXT>单字符标记</STEXT>
      </RSFDO>
      <RSFDO>
       <PARAMETER>O_PUT2</PARAMETER>
       <KIND>P</KIND>
       <STEXT>文本字段长度 200</STEXT>
      </RSFDO>
      <RSFDO>
       <PARAMETER>T_TABLE</PARAMETER>
       <KIND>P</KIND>
       <STEXT>HJH0704作业结构02</STEXT>
      </RSFDO>
     </DOCUMENTATION>
    </item>
    <item>
     <FUNCNAME>Z_HJH_TEST001</FUNCNAME>
     <SHORT_TEXT>HJH函数练习001</SHORT_TEXT>
     <IMPORT>
      <RSIMP>
       <PARAMETER>I_PUT1</PARAMETER>
       <OPTIONAL>X</OPTIONAL>
       <REFERENCE>X</REFERENCE>
       <TYP>CHAR10</TYP>
      </RSIMP>
      <RSIMP>
       <PARAMETER>I_PUT2</PARAMETER>
       <OPTIONAL>X</OPTIONAL>
       <REFERENCE>X</REFERENCE>
       <TYP>CHAR10</TYP>
      </RSIMP>
     </IMPORT>
     <EXPORT>
      <RSEXP>
       <PARAMETER>O_SUM</PARAMETER>
       <REFERENCE>X</REFERENCE>
       <TYP>CHAR10</TYP>
      </RSEXP>
     </EXPORT>
     <TABLES>
      <RSTBL>
       <PARAMETER>T_MARA</PARAMETER>
       <DBSTRUCT>MAKT</DBSTRUCT>
       <OPTIONAL>X</OPTIONAL>
      </RSTBL>
     </TABLES>
     <DOCUMENTATION>
      <RSFDO>
       <PARAMETER>I_PUT1</PARAMETER>
       <KIND>P</KIND>
       <STEXT>传入字段1</STEXT>
      </RSFDO>
      <RSFDO>
       <PARAMETER>I_PUT2</PARAMETER>
       <KIND>P</KIND>
       <STEXT>传入字段2</STEXT>
      </RSFDO>
      <RSFDO>
       <PARAMETER>O_SUM</PARAMETER>
       <KIND>P</KIND>
       <STEXT>穿出字段 求和</STEXT>
      </RSFDO>
      <RSFDO>
       <PARAMETER>T_MARA</PARAMETER>
       <KIND>P</KIND>
       <STEXT>自定义物料描述表</STEXT>
      </RSFDO>
     </DOCUMENTATION>
    </item>
   </FUNCTIONS>
  </asx:values>
 </asx:abap>
</abapGit>
