﻿<?xml version="1.0" encoding="utf-8"?>
<abapGit version="v1.0.0" serializer="LCL_OBJECT_PROG" serializer_version="v1.0.0">
 <asx:abap xmlns:asx="http://www.sap.com/abapxml" version="1.0">
  <asx:values>
   <PROGDIR>
    <NAME>Z_WORK_ZS_006</NAME>
    <SUBC>1</SUBC>
    <RLOAD>1</RLOAD>
    <FIXPT>X</FIXPT>
    <UCCHECK>X</UCCHECK>
   </PROGDIR>
   <TPOOL>
    <item>
     <ID>R</ID>
     <ENTRY>第二周-周一作业</ENTRY>
     <LENGTH>8</LENGTH>
    </item>
    <item>
     <ID>S</ID>
     <KEY>S_BUDAT</KEY>
     <ENTRY>过账日期</ENTRY>
     <LENGTH>12</LENGTH>
    </item>
    <item>
     <ID>S</ID>
     <KEY>S_BWART</KEY>
     <ENTRY>移动类型</ENTRY>
     <LENGTH>12</LENGTH>
    </item>
    <item>
     <ID>S</ID>
     <KEY>S_MATNR</KEY>
     <ENTRY>.</ENTRY>
     <LENGTH>9</LENGTH>
     <SPLIT>D</SPLIT>
    </item>
    <item>
     <ID>S</ID>
     <KEY>S_WERKS</KEY>
     <ENTRY>工厂</ENTRY>
     <LENGTH>10</LENGTH>
    </item>
   </TPOOL>
  </asx:values>
 </asx:abap>
</abapGit>
