﻿<?xml version="1.0" encoding="utf-8"?>
<abapGit version="v1.0.0" serializer="LCL_OBJECT_ENHO" serializer_version="v1.0.0">
 <asx:abap xmlns:asx="http://www.sap.com/abapxml" version="1.0">
  <asx:values>
   <TOOL>BADI_IMPL</TOOL>
   <SHORTTEXT>SDTEST</SHORTTEXT>
   <SPOT_NAME>BADI_SD_SALES_ITEM</SPOT_NAME>
   <IMPL>
    <ENH_BADI_IMPL_DATA>
     <SPOT_NAME>BADI_SD_SALES_ITEM</SPOT_NAME>
     <BADI_NAME>BADI_SD_REF_DOC_CUST</BADI_NAME>
     <IMPL_NAME>ZSD_SALESORDER_CUST</IMPL_NAME>
     <IMPL_CLASS>ZCL_SALESORDER_CUST_IMPL</IMPL_CLASS>
     <ACTIVE>X</ACTIVE>
     <IMPL_SHORTTEXT>实施： 确定参考单据的客户增强</IMPL_SHORTTEXT>
     <IMPL_SHORTTEXT_ID>246E9612B68C1EEBBAC8B93D335E27C7</IMPL_SHORTTEXT_ID>
    </ENH_BADI_IMPL_DATA>
   </IMPL>
   <SOTR>
    <item>
     <HEADER>
      <CONCEPT>246E9612B68C1EEBBAC8A89378DF67B9</CONCEPT>
      <CREA_LAN>1</CREA_LAN>
      <TRALA_TYPE>1</TRALA_TYPE>
      <OBJID_VEC>AAI=</OBJID_VEC>
     </HEADER>
     <ENTRIES>
      <SOTR_TEXT>
       <CONCEPT>246E9612B68C1EEBBAC8A89378DF67B9</CONCEPT>
       <LANGU>1</LANGU>
       <LFD_NUM>0001</LFD_NUM>
       <FLAG_CNTXT>X</FLAG_CNTXT>
       <STATUS>R</STATUS>
       <LENGTH>016</LENGTH>
       <TEXT>SDTEST</TEXT>
      </SOTR_TEXT>
     </ENTRIES>
    </item>
    <item>
     <HEADER>
      <CONCEPT>246E9612B68C1EEBBAC8B93D335E27C7</CONCEPT>
      <CREA_LAN>1</CREA_LAN>
      <TRALA_TYPE>1</TRALA_TYPE>
      <OBJID_VEC>AAI=</OBJID_VEC>
     </HEADER>
     <ENTRIES>
      <SOTR_TEXT>
       <CONCEPT>246E9612B68C1EEBBAC8B93D335E27C7</CONCEPT>
       <LANGU>1</LANGU>
       <LFD_NUM>0001</LFD_NUM>
       <FLAG_CNTXT>X</FLAG_CNTXT>
       <STATUS>R</STATUS>
       <LENGTH>025</LENGTH>
       <TEXT>实施： 确定参考单据的客户增强</TEXT>
      </SOTR_TEXT>
     </ENTRIES>
    </item>
   </SOTR>
   <SOTR_USE>
    <SOTR_USE>
     <PGMID>R3TR</PGMID>
     <OBJECT>ENHO</OBJECT>
     <OBJ_NAME>ZBADI_SD_SALES_ITEM</OBJ_NAME>
     <CONCEPT>246E9612B68C1EEBBAC8A89378DF67B9</CONCEPT>
     <LFD_NUM>0001</LFD_NUM>
    </SOTR_USE>
    <SOTR_USE>
     <PGMID>R3TR</PGMID>
     <OBJECT>ENHO</OBJECT>
     <OBJ_NAME>ZBADI_SD_SALES_ITEM</OBJ_NAME>
     <CONCEPT>246E9612B68C1EEBBAC8B93D335E27C7</CONCEPT>
     <LFD_NUM>0001</LFD_NUM>
    </SOTR_USE>
   </SOTR_USE>
  </asx:values>
 </asx:abap>
</abapGit>
