﻿<?xml version="1.0" encoding="utf-8"?>
<abapGit version="v1.0.0" serializer="LCL_OBJECT_MSAG" serializer_version="v1.0.0">
 <asx:abap xmlns:asx="http://www.sap.com/abapxml" version="1.0">
  <asx:values>
   <T100A>
    <ARBGB>ZCWT001</ARBGB>
    <MASTERLANG>1</MASTERLANG>
    <STEXT>错误消息</STEXT>
   </T100A>
   <T100>
    <T100>
     <SPRSL>1</SPRSL>
     <ARBGB>ZCWT001</ARBGB>
     <MSGNR>000</MSGNR>
     <TEXT>错误消息</TEXT>
    </T100>
   </T100>
  </asx:values>
 </asx:abap>
</abapGit>
