﻿<?xml version="1.0" encoding="utf-8"?>
<abapGit version="v1.0.0" serializer="LCL_OBJECT_NROB" serializer_version="v1.0.0">
 <asx:abap xmlns:asx="http://www.sap.com/abapxml" version="1.0">
  <asx:values>
   <ATTRIBUTES>
    <OBJECT>ZCWT</OBJECT>
    <DOMLEN>CHAR10</DOMLEN>
    <PERCENTAGE>10.0</PERCENTAGE>
    <BUFFER>X</BUFFER>
    <NOIVBUFFER>00000010</NOIVBUFFER>
   </ATTRIBUTES>
   <TEXT>
    <LANGU>1</LANGU>
    <OBJECT>ZCWT</OBJECT>
    <TXT> 流水号</TXT>
    <TXTSHORT> 流水号</TXTSHORT>
   </TEXT>
  </asx:values>
 </asx:abap>
</abapGit>
