﻿<?xml version="1.0" encoding="utf-8"?>
<abapGit version="v1.0.0" serializer="LCL_OBJECT_DTEL" serializer_version="v1.0.0">
 <asx:abap xmlns:asx="http://www.sap.com/abapxml" version="1.0">
  <asx:values>
   <DD04V>
    <ROLLNAME>ZD_DATE</ROLLNAME>
    <DDLANGUAGE>1</DDLANGUAGE>
    <HEADLEN>10</HEADLEN>
    <SCRLEN1>10</SCRLEN1>
    <SCRLEN2>20</SCRLEN2>
    <SCRLEN3>40</SCRLEN3>
    <DDTEXT>自定义日期数据格式</DDTEXT>
    <REPTEXT>自定义日期数据格式</REPTEXT>
    <SCRTEXT_S>自定义日期数据格式</SCRTEXT_S>
    <SCRTEXT_M>自定义日期数据格式</SCRTEXT_M>
    <SCRTEXT_L>自定义日期数据格式</SCRTEXT_L>
    <DTELMASTER>1</DTELMASTER>
    <DATATYPE>DATS</DATATYPE>
    <LENG>000008</LENG>
    <OUTPUTLEN>000010</OUTPUTLEN>
   </DD04V>
  </asx:values>
 </asx:abap>
</abapGit>
