﻿<?xml version="1.0" encoding="utf-8"?>
<abapGit version="v1.0.0" serializer="LCL_OBJECT_FUGR" serializer_version="v1.0.0">
 <asx:abap xmlns:asx="http://www.sap.com/abapxml" version="1.0">
  <asx:values>
   <AREAT>测试函数组</AREAT>
   <INCLUDES>
    <SOBJ_NAME>LZFXWQTEST01TOP</SOBJ_NAME>
    <SOBJ_NAME>SAPLZFXWQTEST01</SOBJ_NAME>
   </INCLUDES>
   <FUNCTIONS>
    <item>
     <FUNCNAME>ZFM_TEST02</FUNCNAME>
     <REMOTE_CALL>R</REMOTE_CALL>
     <SHORT_TEXT> 1</SHORT_TEXT>
     <IMPORT>
      <RSIMP>
       <PARAMETER>I_TEST</PARAMETER>
       <TYP>CHAR1</TYP>
      </RSIMP>
     </IMPORT>
     <EXPORT>
      <RSEXP>
       <PARAMETER>E_MSG</PARAMETER>
       <TYP>TEXT100</TYP>
      </RSEXP>
     </EXPORT>
     <DOCUMENTATION>
      <RSFDO>
       <PARAMETER>I_TEST</PARAMETER>
       <KIND>P</KIND>
       <STEXT>单字符标记</STEXT>
      </RSFDO>
      <RSFDO>
       <PARAMETER>E_MSG</PARAMETER>
       <KIND>P</KIND>
       <STEXT>文本 (100 个字符)</STEXT>
      </RSFDO>
     </DOCUMENTATION>
    </item>
    <item>
     <FUNCNAME>ZFXWQTEST001</FUNCNAME>
     <SHORT_TEXT>函数测试</SHORT_TEXT>
     <IMPORT>
      <RSIMP>
       <PARAMETER>NUM1</PARAMETER>
       <OPTIONAL>X</OPTIONAL>
       <REFERENCE>X</REFERENCE>
       <TYP>CHAR10</TYP>
      </RSIMP>
      <RSIMP>
       <PARAMETER>NUM2</PARAMETER>
       <OPTIONAL>X</OPTIONAL>
       <REFERENCE>X</REFERENCE>
       <TYP>CHAR10</TYP>
      </RSIMP>
     </IMPORT>
     <EXPORT>
      <RSEXP>
       <PARAMETER>SUM</PARAMETER>
       <REFERENCE>X</REFERENCE>
       <TYP>CHAR10</TYP>
      </RSEXP>
     </EXPORT>
     <DOCUMENTATION>
      <RSFDO>
       <PARAMETER>NUM1</PARAMETER>
       <KIND>P</KIND>
       <STEXT>字符字段长度为 10</STEXT>
      </RSFDO>
      <RSFDO>
       <PARAMETER>NUM2</PARAMETER>
       <KIND>P</KIND>
       <STEXT>字符字段长度为 10</STEXT>
      </RSFDO>
      <RSFDO>
       <PARAMETER>SUM</PARAMETER>
       <KIND>P</KIND>
       <STEXT>字符字段长度为 10</STEXT>
      </RSFDO>
     </DOCUMENTATION>
    </item>
    <item>
     <FUNCNAME>ZMM_XWQ_001</FUNCNAME>
     <SHORT_TEXT>查询函数</SHORT_TEXT>
     <IMPORT>
      <RSIMP>
       <PARAMETER>I_EBELN</PARAMETER>
       <OPTIONAL>X</OPTIONAL>
       <REFERENCE>X</REFERENCE>
       <TYP>EBELN</TYP>
      </RSIMP>
     </IMPORT>
     <EXPORT>
      <RSEXP>
       <PARAMETER>E_RESULT</PARAMETER>
       <REFERENCE>X</REFERENCE>
       <TYP>CHAR1</TYP>
      </RSEXP>
     </EXPORT>
     <TABLES>
      <RSTBL>
       <PARAMETER>T_TABLE</PARAMETER>
       <DBSTRUCT>EKKO</DBSTRUCT>
       <OPTIONAL>X</OPTIONAL>
      </RSTBL>
     </TABLES>
     <DOCUMENTATION>
      <RSFDO>
       <PARAMETER>I_EBELN</PARAMETER>
       <KIND>P</KIND>
       <STEXT>采购凭证编号</STEXT>
      </RSFDO>
      <RSFDO>
       <PARAMETER>E_RESULT</PARAMETER>
       <KIND>P</KIND>
       <STEXT>字符字段长度为 10</STEXT>
      </RSFDO>
      <RSFDO>
       <PARAMETER>T_TABLE</PARAMETER>
       <KIND>P</KIND>
       <STEXT>采购凭证抬头</STEXT>
      </RSFDO>
     </DOCUMENTATION>
    </item>
    <item>
     <FUNCNAME>ZMM_XWQ_002</FUNCNAME>
     <SHORT_TEXT>采购接口test</SHORT_TEXT>
     <IMPORT>
      <RSIMP>
       <PARAMETER>ZS_EBELN</PARAMETER>
       <REFERENCE>X</REFERENCE>
       <TYP>ZSMM002</TYP>
      </RSIMP>
     </IMPORT>
     <EXPORT>
      <RSEXP>
       <PARAMETER>RESULT</PARAMETER>
       <REFERENCE>X</REFERENCE>
       <TYP>CHAR1</TYP>
      </RSEXP>
      <RSEXP>
       <PARAMETER>MESSAGE</PARAMETER>
       <REFERENCE>X</REFERENCE>
       <TYP>CHAR10</TYP>
      </RSEXP>
     </EXPORT>
     <TABLES>
      <RSTBL>
       <PARAMETER>I_TABLE</PARAMETER>
       <DBSTRUCT>ZTXWQ_EKKO</DBSTRUCT>
      </RSTBL>
     </TABLES>
     <DOCUMENTATION>
      <RSFDO>
       <PARAMETER>ZS_EBELN</PARAMETER>
       <KIND>P</KIND>
       <STEXT>采购结构</STEXT>
      </RSFDO>
      <RSFDO>
       <PARAMETER>RESULT</PARAMETER>
       <KIND>P</KIND>
       <STEXT>单字符标记</STEXT>
      </RSFDO>
      <RSFDO>
       <PARAMETER>MESSAGE</PARAMETER>
       <KIND>P</KIND>
       <STEXT>字符字段长度为 10</STEXT>
      </RSFDO>
      <RSFDO>
       <PARAMETER>I_TABLE</PARAMETER>
       <KIND>P</KIND>
       <STEXT>采购表</STEXT>
      </RSFDO>
     </DOCUMENTATION>
    </item>
   </FUNCTIONS>
  </asx:values>
 </asx:abap>
</abapGit>
