﻿<?xml version="1.0" encoding="utf-8"?>
<abapGit version="v1.0.0" serializer="LCL_OBJECT_NROB" serializer_version="v1.0.0">
 <asx:abap xmlns:asx="http://www.sap.com/abapxml" version="1.0">
  <asx:values>
   <ATTRIBUTES>
    <OBJECT>ZHJHLSH001</OBJECT>
    <DOMLEN>CHAR10</DOMLEN>
    <PERCENTAGE>5.0</PERCENTAGE>
    <BUFFER>X</BUFFER>
    <NOIVBUFFER>00000010</NOIVBUFFER>
   </ATTRIBUTES>
   <TEXT>
    <LANGU>1</LANGU>
    <OBJECT>ZHJHLSH001</OBJECT>
    <TXT>HJH 流水号 001</TXT>
    <TXTSHORT>HJH LSH 001</TXTSHORT>
   </TEXT>
  </asx:values>
 </asx:abap>
</abapGit>
