﻿<?xml version="1.0" encoding="utf-8"?>
<abapGit version="v1.0.0" serializer="LCL_OBJECT_DTEL" serializer_version="v1.0.0">
 <asx:abap xmlns:asx="http://www.sap.com/abapxml" version="1.0">
  <asx:values>
   <DD04V>
    <ROLLNAME>ZMAKTX_HJH001</ROLLNAME>
    <DDLANGUAGE>1</DDLANGUAGE>
    <DOMNAME>ZMMAKTX_HJH001</DOMNAME>
    <HEADLEN>55</HEADLEN>
    <SCRLEN1>10</SCRLEN1>
    <SCRLEN2>20</SCRLEN2>
    <SCRLEN3>40</SCRLEN3>
    <DDTEXT>HJH数据元素练习001</DDTEXT>
    <REPTEXT>HJH数据元素练习001</REPTEXT>
    <SCRTEXT_S>HJH数据元素练习0</SCRTEXT_S>
    <SCRTEXT_M>HJH数据元素练习001</SCRTEXT_M>
    <SCRTEXT_L>HJH数据元素练习001</SCRTEXT_L>
    <DTELMASTER>1</DTELMASTER>
    <REFKIND>D</REFKIND>
   </DD04V>
  </asx:values>
 </asx:abap>
</abapGit>
