﻿<?xml version="1.0" encoding="utf-8"?>
<abapGit version="v1.0.0" serializer="LCL_OBJECT_FUGR" serializer_version="v1.0.0">
 <asx:abap xmlns:asx="http://www.sap.com/abapxml" version="1.0">
  <asx:values>
   <AREAT>作业 2021.7.1</AREAT>
   <INCLUDES>
    <SOBJ_NAME>LZMM_LYJ_001TOP</SOBJ_NAME>
    <SOBJ_NAME>SAPLZMM_LYJ_001</SOBJ_NAME>
   </INCLUDES>
   <FUNCTIONS>
    <item>
     <FUNCNAME>ZMM_LYJ_001</FUNCNAME>
     <SHORT_TEXT>函数 作业</SHORT_TEXT>
     <IMPORT>
      <RSIMP>
       <PARAMETER>I_EBELN</PARAMETER>
       <OPTIONAL>X</OPTIONAL>
       <REFERENCE>X</REFERENCE>
       <TYP>EBELN</TYP>
      </RSIMP>
     </IMPORT>
     <EXPORT>
      <RSEXP>
       <PARAMETER>E_RESULT</PARAMETER>
       <REFERENCE>X</REFERENCE>
       <TYP>CHAR10</TYP>
      </RSEXP>
     </EXPORT>
     <TABLES>
      <RSTBL>
       <PARAMETER>T_TABLE</PARAMETER>
       <DBSTRUCT>EKKO</DBSTRUCT>
      </RSTBL>
     </TABLES>
     <DOCUMENTATION>
      <RSFDO>
       <PARAMETER>I_EBELN</PARAMETER>
       <KIND>P</KIND>
       <STEXT>采购凭证编号</STEXT>
      </RSFDO>
      <RSFDO>
       <PARAMETER>E_RESULT</PARAMETER>
       <KIND>P</KIND>
      </RSFDO>
      <RSFDO>
       <PARAMETER>T_TABLE</PARAMETER>
       <KIND>P</KIND>
       <STEXT>采购凭证抬头</STEXT>
      </RSFDO>
     </DOCUMENTATION>
    </item>
    <item>
     <FUNCNAME>ZMM_LYJ_002</FUNCNAME>
     <SHORT_TEXT>作业7.4</SHORT_TEXT>
     <IMPORT>
      <RSIMP>
       <PARAMETER>JG</PARAMETER>
       <OPTIONAL>X</OPTIONAL>
       <REFERENCE>X</REFERENCE>
       <TYP>ZDLYJTEST002</TYP>
      </RSIMP>
     </IMPORT>
     <EXPORT>
      <RSEXP>
       <PARAMETER>E_1</PARAMETER>
       <REFERENCE>X</REFERENCE>
       <TYP>CHAR1</TYP>
      </RSEXP>
      <RSEXP>
       <PARAMETER>E_2</PARAMETER>
       <REFERENCE>X</REFERENCE>
       <TYP>CHAR40</TYP>
      </RSEXP>
     </EXPORT>
     <TABLES>
      <RSTBL>
       <PARAMETER>T_TABLE</PARAMETER>
       <DBSTRUCT>ZTLYJ_EKKO</DBSTRUCT>
      </RSTBL>
     </TABLES>
     <DOCUMENTATION>
      <RSFDO>
       <PARAMETER>JG</PARAMETER>
       <KIND>P</KIND>
       <STEXT>作业7.4</STEXT>
      </RSFDO>
      <RSFDO>
       <PARAMETER>E_1</PARAMETER>
       <KIND>P</KIND>
       <STEXT>单字符标记</STEXT>
      </RSFDO>
      <RSFDO>
       <PARAMETER>E_2</PARAMETER>
       <KIND>P</KIND>
      </RSFDO>
      <RSFDO>
       <PARAMETER>T_TABLE</PARAMETER>
       <KIND>P</KIND>
       <STEXT>采购凭证抬头</STEXT>
      </RSFDO>
     </DOCUMENTATION>
    </item>
   </FUNCTIONS>
  </asx:values>
 </asx:abap>
</abapGit>
