﻿<?xml version="1.0" encoding="utf-8"?>
<abapGit version="v1.0.0" serializer="LCL_OBJECT_FUGR" serializer_version="v1.0.0">
 <asx:abap xmlns:asx="http://www.sap.com/abapxml" version="1.0">
  <asx:values>
   <AREAT>7.1</AREAT>
   <INCLUDES>
    <SOBJ_NAME>LZMMCWTTOP</SOBJ_NAME>
    <SOBJ_NAME>SAPLZMMCWT</SOBJ_NAME>
   </INCLUDES>
   <FUNCTIONS>
    <item>
     <FUNCNAME>ZMM_CWT_001</FUNCNAME>
     <SHORT_TEXT>7.1</SHORT_TEXT>
     <IMPORT>
      <RSIMP>
       <PARAMETER>I_EBELN</PARAMETER>
       <REFERENCE>X</REFERENCE>
       <TYP>EBELN</TYP>
      </RSIMP>
     </IMPORT>
     <EXPORT>
      <RSEXP>
       <PARAMETER>E_RESULT</PARAMETER>
       <REFERENCE>X</REFERENCE>
       <TYP>CHAR10</TYP>
      </RSEXP>
     </EXPORT>
     <TABLES>
      <RSTBL>
       <PARAMETER>T_TABLE</PARAMETER>
       <DBSTRUCT>EKKO</DBSTRUCT>
      </RSTBL>
     </TABLES>
     <DOCUMENTATION>
      <RSFDO>
       <PARAMETER>I_EBELN</PARAMETER>
       <KIND>P</KIND>
       <STEXT>字符字段长度为 10</STEXT>
      </RSFDO>
      <RSFDO>
       <PARAMETER>E_RESULT</PARAMETER>
       <KIND>P</KIND>
       <STEXT>字符字段长度为 10</STEXT>
      </RSFDO>
      <RSFDO>
       <PARAMETER>T_TABLE</PARAMETER>
       <KIND>P</KIND>
       <STEXT>采购凭证抬头</STEXT>
      </RSFDO>
     </DOCUMENTATION>
    </item>
    <item>
     <FUNCNAME>ZTEST0012</FUNCNAME>
     <SHORT_TEXT>1</SHORT_TEXT>
     <IMPORT>
      <RSIMP>
       <PARAMETER>Z_IMPORT1</PARAMETER>
       <REFERENCE>X</REFERENCE>
       <TYP>I</TYP>
      </RSIMP>
      <RSIMP>
       <PARAMETER>Z_IMPORT2</PARAMETER>
       <REFERENCE>X</REFERENCE>
       <TYP>I</TYP>
      </RSIMP>
      <RSIMP>
       <PARAMETER>Z_IMPORT3</PARAMETER>
       <REFERENCE>X</REFERENCE>
       <TYP>I</TYP>
      </RSIMP>
     </IMPORT>
     <EXPORT>
      <RSEXP>
       <PARAMETER>Z_OUTPUT</PARAMETER>
       <REFERENCE>X</REFERENCE>
       <TYP>I</TYP>
      </RSEXP>
     </EXPORT>
     <TABLES>
      <RSTBL>
       <PARAMETER>Z_TABLES</PARAMETER>
       <DBSTRUCT>EKKO</DBSTRUCT>
      </RSTBL>
     </TABLES>
     <DOCUMENTATION>
      <RSFDO>
       <PARAMETER>Z_IMPORT1</PARAMETER>
       <KIND>P</KIND>
      </RSFDO>
      <RSFDO>
       <PARAMETER>Z_IMPORT2</PARAMETER>
       <KIND>P</KIND>
      </RSFDO>
      <RSFDO>
       <PARAMETER>Z_IMPORT3</PARAMETER>
       <KIND>P</KIND>
      </RSFDO>
      <RSFDO>
       <PARAMETER>Z_OUTPUT</PARAMETER>
       <KIND>P</KIND>
      </RSFDO>
      <RSFDO>
       <PARAMETER>Z_TABLES</PARAMETER>
       <KIND>P</KIND>
       <STEXT>采购凭证抬头</STEXT>
      </RSFDO>
     </DOCUMENTATION>
    </item>
   </FUNCTIONS>
  </asx:values>
 </asx:abap>
</abapGit>
