﻿<?xml version="1.0" encoding="utf-8"?>
<abapGit version="v1.0.0" serializer="LCL_OBJECT_FUGR" serializer_version="v1.0.0">
 <asx:abap xmlns:asx="http://www.sap.com/abapxml" version="1.0">
  <asx:values>
   <AREAT>20210701作业</AREAT>
   <INCLUDES>
    <SOBJ_NAME>LZMMHFXTOP</SOBJ_NAME>
    <SOBJ_NAME>SAPLZMMHFX</SOBJ_NAME>
   </INCLUDES>
   <FUNCTIONS>
    <item>
     <FUNCNAME>ZMMHFX001</FUNCNAME>
     <SHORT_TEXT>20210701作业</SHORT_TEXT>
     <IMPORT>
      <RSIMP>
       <PARAMETER>I_EBELN</PARAMETER>
       <REFERENCE>X</REFERENCE>
       <TYP>EBELN</TYP>
      </RSIMP>
     </IMPORT>
     <EXPORT>
      <RSEXP>
       <PARAMETER>E_RESULT</PARAMETER>
       <TYP>CHAR1</TYP>
      </RSEXP>
     </EXPORT>
     <TABLES>
      <RSTBL>
       <PARAMETER>T_TABLE</PARAMETER>
       <DBSTRUCT>EKKO</DBSTRUCT>
      </RSTBL>
     </TABLES>
     <DOCUMENTATION>
      <RSFDO>
       <PARAMETER>I_EBELN</PARAMETER>
       <KIND>P</KIND>
       <STEXT>采购订单号</STEXT>
      </RSFDO>
      <RSFDO>
       <PARAMETER>E_RESULT</PARAMETER>
       <KIND>P</KIND>
       <STEXT>查询结果</STEXT>
      </RSFDO>
      <RSFDO>
       <PARAMETER>T_TABLE</PARAMETER>
       <KIND>P</KIND>
       <STEXT>采购凭证抬头</STEXT>
      </RSFDO>
     </DOCUMENTATION>
    </item>
    <item>
     <FUNCNAME>ZMMHFX002</FUNCNAME>
     <SHORT_TEXT>test</SHORT_TEXT>
     <IMPORT>
      <RSIMP>
       <PARAMETER>I_TYPE</PARAMETER>
       <REFERENCE>X</REFERENCE>
       <TYP>ZSHFXTEST002</TYP>
      </RSIMP>
     </IMPORT>
     <EXPORT>
      <RSEXP>
       <PARAMETER>E_TYPE</PARAMETER>
       <REFERENCE>X</REFERENCE>
       <TYP>CHAR1</TYP>
      </RSEXP>
      <RSEXP>
       <PARAMETER>E_MESS</PARAMETER>
       <REFERENCE>X</REFERENCE>
       <TYP>CHAR20</TYP>
      </RSEXP>
     </EXPORT>
     <TABLES>
      <RSTBL>
       <PARAMETER>T_TABLE</PARAMETER>
       <DBSTRUCT>ZSHFXTEST003</DBSTRUCT>
      </RSTBL>
     </TABLES>
     <DOCUMENTATION>
      <RSFDO>
       <PARAMETER>I_TYPE</PARAMETER>
       <KIND>P</KIND>
       <STEXT>输入参数</STEXT>
      </RSFDO>
      <RSFDO>
       <PARAMETER>E_TYPE</PARAMETER>
       <KIND>P</KIND>
       <STEXT>输出类型</STEXT>
      </RSFDO>
      <RSFDO>
       <PARAMETER>E_MESS</PARAMETER>
       <KIND>P</KIND>
       <STEXT>输出文本</STEXT>
      </RSFDO>
      <RSFDO>
       <PARAMETER>T_TABLE</PARAMETER>
       <KIND>P</KIND>
       <STEXT>返回的表</STEXT>
      </RSFDO>
     </DOCUMENTATION>
    </item>
    <item>
     <FUNCNAME>ZMMHFX003</FUNCNAME>
     <SHORT_TEXT>test</SHORT_TEXT>
    </item>
   </FUNCTIONS>
  </asx:values>
 </asx:abap>
</abapGit>
