﻿<?xml version="1.0" encoding="utf-8"?>
<abapGit version="v1.0.0" serializer="LCL_OBJECT_MSAG" serializer_version="v1.0.0">
 <asx:abap xmlns:asx="http://www.sap.com/abapxml" version="1.0">
  <asx:values>
   <T100A>
    <ARBGB>ZMMLCC001</ARBGB>
    <MASTERLANG>1</MASTERLANG>
   </T100A>
   <T100>
    <T100>
     <SPRSL>1</SPRSL>
     <ARBGB>ZMMLCC001</ARBGB>
     <MSGNR>000</MSGNR>
     <TEXT>&amp;&amp;&amp;</TEXT>
    </T100>
    <T100>
     <SPRSL>1</SPRSL>
     <ARBGB>ZMMLCC001</ARBGB>
     <MSGNR>001</MSGNR>
     <TEXT>系统中无相关数据</TEXT>
    </T100>
    <T100>
     <SPRSL>1</SPRSL>
     <ARBGB>ZMMLCC001</ARBGB>
     <MSGNR>002</MSGNR>
     <TEXT>请选择至少一条数据！</TEXT>
    </T100>
    <T100>
     <SPRSL>1</SPRSL>
     <ARBGB>ZMMLCC001</ARBGB>
     <MSGNR>003</MSGNR>
     <TEXT>模板中无数据！</TEXT>
    </T100>
   </T100>
  </asx:values>
 </asx:abap>
</abapGit>
