﻿<?xml version="1.0" encoding="utf-8"?>
<abapGit version="v1.0.0" serializer="LCL_OBJECT_PROG" serializer_version="v1.0.0">
 <asx:abap xmlns:asx="http://www.sap.com/abapxml" version="1.0">
  <asx:values>
   <PROGDIR>
    <NAME>ZMMZXZ009</NAME>
    <SUBC>1</SUBC>
    <RLOAD>1</RLOAD>
    <FIXPT>X</FIXPT>
    <UCCHECK>X</UCCHECK>
   </PROGDIR>
   <TPOOL>
    <item>
     <ID>I</ID>
     <KEY>E01</KEY>
     <ENTRY>系统中无数据</ENTRY>
     <LENGTH>16</LENGTH>
    </item>
    <item>
     <ID>R</ID>
     <ENTRY>测试</ENTRY>
     <LENGTH>2</LENGTH>
    </item>
    <item>
     <ID>S</ID>
     <KEY>P_EKGRP</KEY>
     <ENTRY>采购组</ENTRY>
     <LENGTH>11</LENGTH>
    </item>
    <item>
     <ID>S</ID>
     <KEY>R_1</KEY>
     <ENTRY>选择1-1</ENTRY>
     <LENGTH>13</LENGTH>
    </item>
    <item>
     <ID>S</ID>
     <KEY>R_2</KEY>
     <ENTRY>选择1-2</ENTRY>
     <LENGTH>13</LENGTH>
    </item>
    <item>
     <ID>S</ID>
     <KEY>S_BUKRS</KEY>
     <ENTRY>公司代码</ENTRY>
     <LENGTH>12</LENGTH>
    </item>
    <item>
     <ID>S</ID>
     <KEY>S_EBELN</KEY>
     <ENTRY>采购订单</ENTRY>
     <LENGTH>12</LENGTH>
    </item>
    <item>
     <ID>S</ID>
     <KEY>S_EKORG</KEY>
     <ENTRY>采购组织</ENTRY>
     <LENGTH>12</LENGTH>
    </item>
   </TPOOL>
  </asx:values>
 </asx:abap>
</abapGit>
