﻿<?xml version="1.0" encoding="utf-8"?>
<abapGit version="v1.0.0" serializer="LCL_OBJECT_MSAG" serializer_version="v1.0.0">
 <asx:abap xmlns:asx="http://www.sap.com/abapxml" version="1.0">
  <asx:values>
   <T100A>
    <ARBGB>ZTESTLYJ_001</ARBGB>
    <MASTERLANG>1</MASTERLANG>
   </T100A>
   <T100>
    <T100>
     <SPRSL>1</SPRSL>
     <ARBGB>ZTESTLYJ_001</ARBGB>
     <MSGNR>000</MSGNR>
     <TEXT>成功</TEXT>
    </T100>
    <T100>
     <SPRSL>1</SPRSL>
     <ARBGB>ZTESTLYJ_001</ARBGB>
     <MSGNR>001</MSGNR>
     <TEXT>失败</TEXT>
    </T100>
    <T100>
     <SPRSL>1</SPRSL>
     <ARBGB>ZTESTLYJ_001</ARBGB>
     <MSGNR>002</MSGNR>
     <TEXT>没有数据，请检查</TEXT>
    </T100>
   </T100>
  </asx:values>
 </asx:abap>
</abapGit>
