﻿<?xml version="1.0" encoding="utf-8"?>
<abapGit version="v1.0.0" serializer="LCL_OBJECT_FUGR" serializer_version="v1.0.0">
 <asx:abap xmlns:asx="http://www.sap.com/abapxml" version="1.0">
  <asx:values>
   <AREAT>函数组测试lyj</AREAT>
   <INCLUDES>
    <SOBJ_NAME>LZTLYJTEST002TOP</SOBJ_NAME>
    <SOBJ_NAME>SAPLZTLYJTEST002</SOBJ_NAME>
   </INCLUDES>
   <FUNCTIONS>
    <item>
     <FUNCNAME>ZTESTLYJ001</FUNCNAME>
     <SHORT_TEXT>函数 测试001</SHORT_TEXT>
     <IMPORT>
      <RSIMP>
       <PARAMETER>I_X</PARAMETER>
       <OPTIONAL>X</OPTIONAL>
       <REFERENCE>X</REFERENCE>
       <TYP>CHAR10</TYP>
      </RSIMP>
      <RSIMP>
       <PARAMETER>I_Y</PARAMETER>
       <OPTIONAL>X</OPTIONAL>
       <REFERENCE>X</REFERENCE>
       <TYP>CHAR10</TYP>
      </RSIMP>
      <RSIMP>
       <PARAMETER>I_EBELN</PARAMETER>
       <OPTIONAL>X</OPTIONAL>
       <REFERENCE>X</REFERENCE>
       <TYP>EBELN</TYP>
      </RSIMP>
     </IMPORT>
     <EXPORT>
      <RSEXP>
       <PARAMETER>O_Z</PARAMETER>
       <REFERENCE>X</REFERENCE>
       <TYP>CHAR10</TYP>
      </RSEXP>
     </EXPORT>
     <TABLES>
      <RSTBL>
       <PARAMETER>T_TABLE</PARAMETER>
       <DBSTRUCT>EKKO</DBSTRUCT>
       <OPTIONAL>X</OPTIONAL>
      </RSTBL>
     </TABLES>
     <DOCUMENTATION>
      <RSFDO>
       <PARAMETER>I_X</PARAMETER>
       <KIND>P</KIND>
       <STEXT>字符字段长度为 10</STEXT>
      </RSFDO>
      <RSFDO>
       <PARAMETER>I_Y</PARAMETER>
       <KIND>P</KIND>
       <STEXT>字符字段长度为 10</STEXT>
      </RSFDO>
      <RSFDO>
       <PARAMETER>I_EBELN</PARAMETER>
       <KIND>P</KIND>
       <STEXT>采购凭证编号</STEXT>
      </RSFDO>
      <RSFDO>
       <PARAMETER>O_Z</PARAMETER>
       <KIND>P</KIND>
       <STEXT>字符字段长度为 10</STEXT>
      </RSFDO>
      <RSFDO>
       <PARAMETER>T_TABLE</PARAMETER>
       <KIND>P</KIND>
       <STEXT>采购凭证抬头</STEXT>
      </RSFDO>
     </DOCUMENTATION>
    </item>
   </FUNCTIONS>
  </asx:values>
 </asx:abap>
</abapGit>
