﻿<?xml version="1.0" encoding="utf-8"?>
<abapGit version="v1.0.0" serializer="LCL_OBJECT_FUGR" serializer_version="v1.0.0">
 <asx:abap xmlns:asx="http://www.sap.com/abapxml" version="1.0">
  <asx:values>
   <AREAT>函数组创建测试</AREAT>
   <INCLUDES>
    <SOBJ_NAME>LZTZS001TOP</SOBJ_NAME>
    <SOBJ_NAME>SAPLZTZS001</SOBJ_NAME>
   </INCLUDES>
   <FUNCTIONS>
    <item>
     <FUNCNAME>ZFZSTEST002</FUNCNAME>
     <SHORT_TEXT>测试函数 创建</SHORT_TEXT>
    </item>
   </FUNCTIONS>
  </asx:values>
 </asx:abap>
</abapGit>
