﻿<?xml version="1.0" encoding="utf-8"?>
<abapGit version="v1.0.0" serializer="LCL_OBJECT_FUGR" serializer_version="v1.0.0">
 <asx:abap xmlns:asx="http://www.sap.com/abapxml" version="1.0">
  <asx:values>
   <AREAT>武汉培训函数组</AREAT>
   <INCLUDES>
    <SOBJ_NAME>LZWHTRAIN_FGTOP</SOBJ_NAME>
    <SOBJ_NAME>SAPLZWHTRAIN_FG</SOBJ_NAME>
   </INCLUDES>
   <FUNCTIONS>
    <item>
     <FUNCNAME>ZFLCCTEST001</FUNCNAME>
     <SHORT_TEXT>函数练习测试001</SHORT_TEXT>
     <IMPORT>
      <RSIMP>
       <PARAMETER>I_INFO</PARAMETER>
       <OPTIONAL>X</OPTIONAL>
       <REFERENCE>X</REFERENCE>
       <TYP>ZSYHBTEST001</TYP>
      </RSIMP>
     </IMPORT>
     <EXPORT>
      <RSEXP>
       <PARAMETER>E_TYPE</PARAMETER>
       <REFERENCE>X</REFERENCE>
       <TYP>CHAR1</TYP>
      </RSEXP>
      <RSEXP>
       <PARAMETER>E_MESSAGE</PARAMETER>
       <REFERENCE>X</REFERENCE>
       <TYP>CHAR200</TYP>
      </RSEXP>
     </EXPORT>
     <TABLES>
      <RSTBL>
       <PARAMETER>T_TABLE</PARAMETER>
       <DBSTRUCT>EKKO</DBSTRUCT>
       <OPTIONAL>X</OPTIONAL>
      </RSTBL>
     </TABLES>
     <DOCUMENTATION>
      <RSFDO>
       <PARAMETER>I_INFO</PARAMETER>
       <KIND>P</KIND>
       <STEXT>自定义结构体</STEXT>
      </RSFDO>
      <RSFDO>
       <PARAMETER>E_TYPE</PARAMETER>
       <KIND>P</KIND>
       <STEXT>消息类型</STEXT>
      </RSFDO>
      <RSFDO>
       <PARAMETER>E_MESSAGE</PARAMETER>
       <KIND>P</KIND>
       <STEXT>消息内容</STEXT>
      </RSFDO>
      <RSFDO>
       <PARAMETER>T_TABLE</PARAMETER>
       <KIND>P</KIND>
       <STEXT>自定义结构体</STEXT>
      </RSFDO>
     </DOCUMENTATION>
    </item>
    <item>
     <FUNCNAME>ZFZSTEST001</FUNCNAME>
     <SHORT_TEXT>函数测试练习</SHORT_TEXT>
     <IMPORT>
      <RSIMP>
       <PARAMETER>I_EBELN</PARAMETER>
       <OPTIONAL>X</OPTIONAL>
       <REFERENCE>X</REFERENCE>
       <TYP>EBELN</TYP>
      </RSIMP>
      <RSIMP>
       <PARAMETER>I_INFO</PARAMETER>
       <OPTIONAL>X</OPTIONAL>
       <REFERENCE>X</REFERENCE>
       <TYP>ZSYHBTEST001</TYP>
      </RSIMP>
     </IMPORT>
     <EXPORT>
      <RSEXP>
       <PARAMETER>E_SUN</PARAMETER>
       <REFERENCE>X</REFERENCE>
       <TYP>CHAR10</TYP>
      </RSEXP>
     </EXPORT>
     <TABLES>
      <RSTBL>
       <PARAMETER>T_TABLE</PARAMETER>
       <DBSTRUCT>EKKO</DBSTRUCT>
       <OPTIONAL>X</OPTIONAL>
      </RSTBL>
     </TABLES>
     <DOCUMENTATION>
      <RSFDO>
       <PARAMETER>I_EBELN</PARAMETER>
       <KIND>P</KIND>
      </RSFDO>
      <RSFDO>
       <PARAMETER>I_INFO</PARAMETER>
       <KIND>P</KIND>
       <STEXT>自定义结构体</STEXT>
      </RSFDO>
      <RSFDO>
       <PARAMETER>E_SUN</PARAMETER>
       <KIND>P</KIND>
      </RSFDO>
      <RSFDO>
       <PARAMETER>T_TABLE</PARAMETER>
       <KIND>P</KIND>
       <STEXT>自定义结构体</STEXT>
      </RSFDO>
     </DOCUMENTATION>
    </item>
    <item>
     <FUNCNAME>ZFZSTEST003</FUNCNAME>
     <SHORT_TEXT>生产订单接口</SHORT_TEXT>
    </item>
   </FUNCTIONS>
  </asx:values>
 </asx:abap>
</abapGit>
