﻿<?xml version="1.0" encoding="utf-8"?>
<abapGit version="v1.0.0" serializer="LCL_OBJECT_FUGR" serializer_version="v1.0.0">
 <asx:abap xmlns:asx="http://www.sap.com/abapxml" version="1.0">
  <asx:values>
   <AREAT>创建函数组测试</AREAT>
   <INCLUDES>
    <SOBJ_NAME>LZWHTRAIN_YHBFGTOP</SOBJ_NAME>
    <SOBJ_NAME>SAPLZWHTRAIN_YHBFG</SOBJ_NAME>
   </INCLUDES>
   <FUNCTIONS>
    <item>
     <FUNCNAME>ZFYHBTEST001</FUNCNAME>
     <SHORT_TEXT>测试函数</SHORT_TEXT>
     <IMPORT>
      <RSIMP>
       <PARAMETER>I_MATNR</PARAMETER>
       <REFERENCE>X</REFERENCE>
       <TYP>MATNR</TYP>
      </RSIMP>
      <RSIMP>
       <PARAMETER>I_SPRAS</PARAMETER>
       <REFERENCE>X</REFERENCE>
       <TYP>SPRAS</TYP>
      </RSIMP>
     </IMPORT>
     <EXPORT>
      <RSEXP>
       <PARAMETER>E_MATNR</PARAMETER>
       <REFERENCE>X</REFERENCE>
       <TYP>MATNR</TYP>
      </RSEXP>
      <RSEXP>
       <PARAMETER>E_MAKTX</PARAMETER>
       <REFERENCE>X</REFERENCE>
       <TYP>MAKTX</TYP>
      </RSEXP>
      <RSEXP>
       <PARAMETER>E_SPRAS</PARAMETER>
       <REFERENCE>X</REFERENCE>
       <TYP>SPRAS</TYP>
      </RSEXP>
     </EXPORT>
     <DOCUMENTATION>
      <RSFDO>
       <PARAMETER>I_MATNR</PARAMETER>
       <KIND>P</KIND>
       <STEXT>物料编号</STEXT>
      </RSFDO>
      <RSFDO>
       <PARAMETER>I_SPRAS</PARAMETER>
       <KIND>P</KIND>
       <STEXT>语言代码</STEXT>
      </RSFDO>
      <RSFDO>
       <PARAMETER>E_MATNR</PARAMETER>
       <KIND>P</KIND>
       <STEXT>物料编号</STEXT>
      </RSFDO>
      <RSFDO>
       <PARAMETER>E_MAKTX</PARAMETER>
       <KIND>P</KIND>
       <STEXT>物料描述</STEXT>
      </RSFDO>
      <RSFDO>
       <PARAMETER>E_SPRAS</PARAMETER>
       <KIND>P</KIND>
       <STEXT>语言代码</STEXT>
      </RSFDO>
     </DOCUMENTATION>
    </item>
    <item>
     <FUNCNAME>ZF_YHBGETEKKO</FUNCNAME>
     <SHORT_TEXT>获取采购订单信息</SHORT_TEXT>
     <IMPORT>
      <RSIMP>
       <PARAMETER>I_SEKKO</PARAMETER>
       <REFERENCE>X</REFERENCE>
       <TYP>ZSYHB_EKKO</TYP>
      </RSIMP>
     </IMPORT>
     <EXPORT>
      <RSEXP>
       <PARAMETER>E_MESSAGE</PARAMETER>
       <REFERENCE>X</REFERENCE>
       <TYP>CHAR1</TYP>
      </RSEXP>
     </EXPORT>
     <TABLES>
      <RSTBL>
       <PARAMETER>T_TABLE</PARAMETER>
       <DBSTRUCT>ZSYHB_EKKOE</DBSTRUCT>
      </RSTBL>
     </TABLES>
     <DOCUMENTATION>
      <RSFDO>
       <PARAMETER>I_SEKKO</PARAMETER>
       <KIND>P</KIND>
       <STEXT>输入采购订单函数结构参数</STEXT>
      </RSFDO>
      <RSFDO>
       <PARAMETER>E_MESSAGE</PARAMETER>
       <KIND>P</KIND>
      </RSFDO>
      <RSFDO>
       <PARAMETER>T_TABLE</PARAMETER>
       <KIND>P</KIND>
       <STEXT>输出结构信息</STEXT>
      </RSFDO>
     </DOCUMENTATION>
    </item>
    <item>
     <FUNCNAME>ZMMYHB001</FUNCNAME>
     <SHORT_TEXT>0701作业</SHORT_TEXT>
     <IMPORT>
      <RSIMP>
       <PARAMETER>I_EBELN</PARAMETER>
       <REFERENCE>X</REFERENCE>
       <TYP>EBELN</TYP>
      </RSIMP>
     </IMPORT>
     <EXPORT>
      <RSEXP>
       <PARAMETER>E_RESULT</PARAMETER>
       <REFERENCE>X</REFERENCE>
       <TYP>CHAR1</TYP>
      </RSEXP>
     </EXPORT>
     <TABLES>
      <RSTBL>
       <PARAMETER>T_TABLE</PARAMETER>
       <DBSTRUCT>EKKO</DBSTRUCT>
      </RSTBL>
     </TABLES>
     <DOCUMENTATION>
      <RSFDO>
       <PARAMETER>I_EBELN</PARAMETER>
       <KIND>P</KIND>
       <STEXT>采购凭证编号</STEXT>
      </RSFDO>
      <RSFDO>
       <PARAMETER>E_RESULT</PARAMETER>
       <KIND>P</KIND>
       <STEXT>单字符标记</STEXT>
      </RSFDO>
      <RSFDO>
       <PARAMETER>T_TABLE</PARAMETER>
       <KIND>P</KIND>
       <STEXT>采购凭证抬头</STEXT>
      </RSFDO>
     </DOCUMENTATION>
    </item>
   </FUNCTIONS>
  </asx:values>
 </asx:abap>
</abapGit>
