﻿<?xml version="1.0" encoding="utf-8"?>
<abapGit version="v1.0.0" serializer="LCL_OBJECT_PROG" serializer_version="v1.0.0">
 <asx:abap xmlns:asx="http://www.sap.com/abapxml" version="1.0">
  <asx:values>
   <PROGDIR>
    <NAME>ZWORKZXZ011</NAME>
    <SUBC>1</SUBC>
    <RLOAD>1</RLOAD>
    <FIXPT>X</FIXPT>
    <UCCHECK>X</UCCHECK>
   </PROGDIR>
   <TPOOL>
    <item>
     <ID>I</ID>
     <KEY>002</KEY>
     <ENTRY>物料创建</ENTRY>
     <LENGTH>14</LENGTH>
    </item>
    <item>
     <ID>R</ID>
     <ENTRY>7.14 BDC作业</ENTRY>
     <LENGTH>10</LENGTH>
    </item>
    <item>
     <ID>S</ID>
     <KEY>P_FILE</KEY>
     <ENTRY>文件</ENTRY>
     <LENGTH>10</LENGTH>
    </item>
   </TPOOL>
  </asx:values>
 </asx:abap>
</abapGit>
