﻿<?xml version="1.0" encoding="utf-8"?>
<abapGit version="v1.0.0" serializer="LCL_OBJECT_PROG" serializer_version="v1.0.0">
 <asx:abap xmlns:asx="http://www.sap.com/abapxml" version="1.0">
  <asx:values>
   <PROGDIR>
    <NAME>ZWORKHFX0019</NAME>
    <SUBC>1</SUBC>
    <RLOAD>1</RLOAD>
    <FIXPT>X</FIXPT>
    <UCCHECK>X</UCCHECK>
   </PROGDIR>
   <TPOOL>
    <item>
     <ID>R</ID>
     <ENTRY>生产计划排单信息表</ENTRY>
     <LENGTH>9</LENGTH>
    </item>
    <item>
     <ID>S</ID>
     <KEY>S_DISPO</KEY>
     <ENTRY>MRP控制者</ENTRY>
     <LENGTH>14</LENGTH>
    </item>
    <item>
     <ID>S</ID>
     <KEY>S_MATNR</KEY>
     <ENTRY>物料组</ENTRY>
     <LENGTH>11</LENGTH>
    </item>
    <item>
     <ID>S</ID>
     <KEY>S_WERKS</KEY>
     <ENTRY>工厂</ENTRY>
     <LENGTH>10</LENGTH>
    </item>
   </TPOOL>
  </asx:values>
 </asx:abap>
</abapGit>
