﻿<?xml version="1.0" encoding="utf-8"?>
<abapGit version="v1.0.0" serializer="LCL_OBJECT_FUGR" serializer_version="v1.0.0">
 <asx:abap xmlns:asx="http://www.sap.com/abapxml" version="1.0">
  <asx:values>
   <AREAT>基础数据通用接口</AREAT>
   <INCLUDES>
    <SOBJ_NAME>LZRFC_ISP_BASIC_DATAE01</SOBJ_NAME>
    <SOBJ_NAME>LZRFC_ISP_BASIC_DATAF01</SOBJ_NAME>
    <SOBJ_NAME>LZRFC_ISP_BASIC_DATATOP</SOBJ_NAME>
    <SOBJ_NAME>SAPLZRFC_ISP_BASIC_DATA</SOBJ_NAME>
   </INCLUDES>
   <FUNCTIONS>
    <item>
     <FUNCNAME>ZRFC_ISP_BASIC_DATA</FUNCNAME>
     <REMOTE_CALL>R</REMOTE_CALL>
     <SHORT_TEXT>基础数据通用接口</SHORT_TEXT>
     <IMPORT>
      <RSIMP>
       <PARAMETER>IV_OBJECT</PARAMETER>
       <TYP>ZRFC_ISP_OBJECT</TYP>
      </RSIMP>
      <RSIMP>
       <PARAMETER>IV_LANGUAGE</PARAMETER>
       <DEFAULT>&apos;1&apos;</DEFAULT>
       <OPTIONAL>X</OPTIONAL>
       <TYP>SY-LANGU</TYP>
      </RSIMP>
      <RSIMP>
       <PARAMETER>IS_QUERY</PARAMETER>
       <OPTIONAL>X</OPTIONAL>
       <TYP>ZRFC_ISP_BASIC_DATA_QUERY</TYP>
      </RSIMP>
      <RSIMP>
       <PARAMETER>IS_INCREMENTAL_OPTION</PARAMETER>
       <OPTIONAL>X</OPTIONAL>
       <TYP>ZRFC_ISP_INCREMENTAL_OPTION</TYP>
      </RSIMP>
     </IMPORT>
     <EXPORT>
      <RSEXP>
       <PARAMETER>EV_MSGTY</PARAMETER>
       <TYP>MSGTY</TYP>
      </RSEXP>
      <RSEXP>
       <PARAMETER>EV_MSGTX</PARAMETER>
       <TYP>BAPI_MSG</TYP>
      </RSEXP>
     </EXPORT>
     <TABLES>
      <RSTBL>
       <PARAMETER>ET_DATA</PARAMETER>
       <DBSTRUCT>ZRFC_ISP_BASIC_DATA_DEFINE</DBSTRUCT>
       <OPTIONAL>X</OPTIONAL>
      </RSTBL>
     </TABLES>
     <DOCUMENTATION>
      <RSFDO>
       <PARAMETER>IV_OBJECT</PARAMETER>
       <KIND>P</KIND>
       <STEXT>基础数据对象</STEXT>
      </RSFDO>
      <RSFDO>
       <PARAMETER>IV_LANGUAGE</PARAMETER>
       <KIND>P</KIND>
       <STEXT>语言(默认中文1)</STEXT>
      </RSFDO>
      <RSFDO>
       <PARAMETER>IS_QUERY</PARAMETER>
       <KIND>P</KIND>
       <STEXT>数据对象查询条件</STEXT>
      </RSFDO>
      <RSFDO>
       <PARAMETER>IS_INCREMENTAL_OPTION</PARAMETER>
       <KIND>P</KIND>
       <STEXT>增量查询条件</STEXT>
      </RSFDO>
      <RSFDO>
       <PARAMETER>EV_MSGTY</PARAMETER>
       <KIND>P</KIND>
       <STEXT>消息类型(S:成功 E:失败)</STEXT>
      </RSFDO>
      <RSFDO>
       <PARAMETER>EV_MSGTX</PARAMETER>
       <KIND>P</KIND>
       <STEXT>消息文本</STEXT>
      </RSFDO>
      <RSFDO>
       <PARAMETER>ET_DATA</PARAMETER>
       <KIND>P</KIND>
       <STEXT>通用数据</STEXT>
      </RSFDO>
     </DOCUMENTATION>
    </item>
   </FUNCTIONS>
  </asx:values>
 </asx:abap>
</abapGit>
