﻿<?xml version="1.0" encoding="utf-8"?>
<abapGit version="v1.0.0" serializer="LCL_OBJECT_TABL" serializer_version="v1.0.0">
 <asx:abap xmlns:asx="http://www.sap.com/abapxml" version="1.0">
  <asx:values>
   <DD02V>
    <TABNAME>ZRFC_ISP300_T024F</TABNAME>
    <DDLANGUAGE>1</DDLANGUAGE>
    <TABCLASS>INTTAB</TABCLASS>
    <DDTEXT>生产管理员</DDTEXT>
   </DD02V>
   <DD03P_TABLE>
    <DD03P>
     <FIELDNAME>WERKS</FIELDNAME>
     <KEYFLAG>X</KEYFLAG>
     <ROLLNAME>WERKS_D</ROLLNAME>
     <ADMINFIELD>0</ADMINFIELD>
     <NOTNULL>X</NOTNULL>
     <SHLPORIGIN>D</SHLPORIGIN>
     <COMPTYPE>E</COMPTYPE>
    </DD03P>
    <DD03P>
     <FIELDNAME>FEVOR</FIELDNAME>
     <KEYFLAG>X</KEYFLAG>
     <ROLLNAME>FEVOR</ROLLNAME>
     <ADMINFIELD>0</ADMINFIELD>
     <NOTNULL>X</NOTNULL>
     <COMPTYPE>E</COMPTYPE>
    </DD03P>
    <DD03P>
     <FIELDNAME>TXT</FIELDNAME>
     <ROLLNAME>TXT_FEVOR</ROLLNAME>
     <ADMINFIELD>0</ADMINFIELD>
     <NOTNULL>X</NOTNULL>
     <COMPTYPE>E</COMPTYPE>
    </DD03P>
    <DD03P>
     <FIELDNAME>SFCPF</FIELDNAME>
     <ROLLNAME>CO_PRODPRF</ROLLNAME>
     <ADMINFIELD>0</ADMINFIELD>
     <NOTNULL>X</NOTNULL>
     <COMPTYPE>E</COMPTYPE>
    </DD03P>
   </DD03P_TABLE>
  </asx:values>
 </asx:abap>
</abapGit>
