﻿<?xml version="1.0" encoding="utf-8"?>
<abapGit version="v1.0.0" serializer="LCL_OBJECT_DTEL" serializer_version="v1.0.0">
 <asx:abap xmlns:asx="http://www.sap.com/abapxml" version="1.0">
  <asx:values>
   <DD04V>
    <ROLLNAME>ZRFC_ISP_RELATIONAL_OPERATOR</ROLLNAME>
    <DDLANGUAGE>1</DDLANGUAGE>
    <DOMNAME>CHAR2</DOMNAME>
    <HEADLEN>15</HEADLEN>
    <SCRLEN1>10</SCRLEN1>
    <SCRLEN2>15</SCRLEN2>
    <SCRLEN3>20</SCRLEN3>
    <DDTEXT>字符串匹配操作码</DDTEXT>
    <REPTEXT>字符串匹配操作码</REPTEXT>
    <SCRTEXT_S>操作码</SCRTEXT_S>
    <SCRTEXT_M>字符串匹配操作码</SCRTEXT_M>
    <SCRTEXT_L>字符串匹配操作码</SCRTEXT_L>
    <DTELMASTER>1</DTELMASTER>
    <REFKIND>D</REFKIND>
   </DD04V>
  </asx:values>
 </asx:abap>
</abapGit>
