﻿<?xml version="1.0" encoding="utf-8"?>
<abapGit version="v1.0.0" serializer="LCL_OBJECT_FUGR" serializer_version="v1.0.0">
 <asx:abap xmlns:asx="http://www.sap.com/abapxml" version="1.0">
  <asx:values>
   <AREAT>域值</AREAT>
   <INCLUDES>
    <SOBJ_NAME>LZRFC_ISP_DDIC_DOMAINE01</SOBJ_NAME>
    <SOBJ_NAME>LZRFC_ISP_DDIC_DOMAINTOP</SOBJ_NAME>
    <SOBJ_NAME>SAPLZRFC_ISP_DDIC_DOMAIN</SOBJ_NAME>
   </INCLUDES>
   <FUNCTIONS>
    <item>
     <FUNCNAME>ZRFC_ISP_DDIC_DOMAIN</FUNCNAME>
     <REMOTE_CALL>R</REMOTE_CALL>
     <SHORT_TEXT>特殊采购类型</SHORT_TEXT>
     <IMPORT>
      <RSIMP>
       <PARAMETER>IV_SPRAS</PARAMETER>
       <DEFAULT>&apos;1&apos;</DEFAULT>
       <OPTIONAL>X</OPTIONAL>
       <TYP>SPRAS</TYP>
      </RSIMP>
      <RSIMP>
       <PARAMETER>IV_OBJECT</PARAMETER>
       <TYP>ZRFC_ISP_OBJECT</TYP>
      </RSIMP>
     </IMPORT>
     <TABLES>
      <RSTBL>
       <PARAMETER>ET_DATA</PARAMETER>
       <DBSTRUCT>ZRFC_ISP_BASIC_DATA_DEFINE</DBSTRUCT>
      </RSTBL>
     </TABLES>
     <DOCUMENTATION>
      <RSFDO>
       <PARAMETER>IV_SPRAS</PARAMETER>
       <KIND>P</KIND>
       <STEXT>语言代码</STEXT>
      </RSFDO>
      <RSFDO>
       <PARAMETER>IV_OBJECT</PARAMETER>
       <KIND>P</KIND>
       <STEXT>基础数据对象</STEXT>
      </RSFDO>
      <RSFDO>
       <PARAMETER>ET_DATA</PARAMETER>
       <KIND>P</KIND>
       <STEXT>基础数据通用结构定义</STEXT>
      </RSFDO>
     </DOCUMENTATION>
    </item>
   </FUNCTIONS>
  </asx:values>
 </asx:abap>
</abapGit>
