﻿<?xml version="1.0" encoding="utf-8"?>
<abapGit version="v1.0.0" serializer="LCL_OBJECT_TABL" serializer_version="v1.0.0">
 <asx:abap xmlns:asx="http://www.sap.com/abapxml" version="1.0">
  <asx:values>
   <DD02V>
    <TABNAME>ZRFC_ISP_BASIC_DATA_QUERY</TABNAME>
    <DDLANGUAGE>1</DDLANGUAGE>
    <TABCLASS>INTTAB</TABCLASS>
    <DDTEXT>基础数据对象查询条件</DDTEXT>
   </DD02V>
   <DD03P_TABLE>
    <DD03P>
     <FIELDNAME>ID</FIELDNAME>
     <ADMINFIELD>0</ADMINFIELD>
     <INTTYPE>C</INTTYPE>
     <INTLEN>000100</INTLEN>
     <DATATYPE>CHAR</DATATYPE>
     <LENG>000050</LENG>
     <MASK>  CHAR</MASK>
     <DDTEXT>对象ID</DDTEXT>
    </DD03P>
    <DD03P>
     <FIELDNAME>ID_OP</FIELDNAME>
     <ROLLNAME>ZRFC_ISP_RELATIONAL_OPERATOR</ROLLNAME>
     <ADMINFIELD>0</ADMINFIELD>
     <COMPTYPE>E</COMPTYPE>
    </DD03P>
    <DD03P>
     <FIELDNAME>NAME</FIELDNAME>
     <ADMINFIELD>0</ADMINFIELD>
     <INTTYPE>C</INTTYPE>
     <INTLEN>000400</INTLEN>
     <DATATYPE>CHAR</DATATYPE>
     <LENG>000200</LENG>
     <MASK>  CHAR</MASK>
     <DDTEXT>对象描述</DDTEXT>
    </DD03P>
    <DD03P>
     <FIELDNAME>NAME_OP</FIELDNAME>
     <ROLLNAME>ZRFC_ISP_RELATIONAL_OPERATOR</ROLLNAME>
     <ADMINFIELD>0</ADMINFIELD>
     <COMPTYPE>E</COMPTYPE>
    </DD03P>
    <DD03P>
     <FIELDNAME>ATTR1</FIELDNAME>
     <ADMINFIELD>0</ADMINFIELD>
     <INTTYPE>C</INTTYPE>
     <INTLEN>000100</INTLEN>
     <DATATYPE>CHAR</DATATYPE>
     <LENG>000050</LENG>
     <MASK>  CHAR</MASK>
     <DDTEXT>属性1</DDTEXT>
    </DD03P>
    <DD03P>
     <FIELDNAME>ATTR1_OP</FIELDNAME>
     <ROLLNAME>ZRFC_ISP_RELATIONAL_OPERATOR</ROLLNAME>
     <ADMINFIELD>0</ADMINFIELD>
     <COMPTYPE>E</COMPTYPE>
    </DD03P>
    <DD03P>
     <FIELDNAME>ATTR2</FIELDNAME>
     <ADMINFIELD>0</ADMINFIELD>
     <INTTYPE>C</INTTYPE>
     <INTLEN>000100</INTLEN>
     <DATATYPE>CHAR</DATATYPE>
     <LENG>000050</LENG>
     <MASK>  CHAR</MASK>
     <DDTEXT>属性2</DDTEXT>
    </DD03P>
    <DD03P>
     <FIELDNAME>ATTR2_OP</FIELDNAME>
     <ROLLNAME>ZRFC_ISP_RELATIONAL_OPERATOR</ROLLNAME>
     <ADMINFIELD>0</ADMINFIELD>
     <COMPTYPE>E</COMPTYPE>
    </DD03P>
    <DD03P>
     <FIELDNAME>ATTR3</FIELDNAME>
     <ADMINFIELD>0</ADMINFIELD>
     <INTTYPE>C</INTTYPE>
     <INTLEN>000100</INTLEN>
     <DATATYPE>CHAR</DATATYPE>
     <LENG>000050</LENG>
     <MASK>  CHAR</MASK>
     <DDTEXT>属性3</DDTEXT>
    </DD03P>
    <DD03P>
     <FIELDNAME>ATTR3_OP</FIELDNAME>
     <ROLLNAME>ZRFC_ISP_RELATIONAL_OPERATOR</ROLLNAME>
     <ADMINFIELD>0</ADMINFIELD>
     <COMPTYPE>E</COMPTYPE>
    </DD03P>
    <DD03P>
     <FIELDNAME>ATTR4</FIELDNAME>
     <ADMINFIELD>0</ADMINFIELD>
     <INTTYPE>C</INTTYPE>
     <INTLEN>000100</INTLEN>
     <DATATYPE>CHAR</DATATYPE>
     <LENG>000050</LENG>
     <MASK>  CHAR</MASK>
     <DDTEXT>属性4</DDTEXT>
    </DD03P>
    <DD03P>
     <FIELDNAME>ATTR4_OP</FIELDNAME>
     <ROLLNAME>ZRFC_ISP_RELATIONAL_OPERATOR</ROLLNAME>
     <ADMINFIELD>0</ADMINFIELD>
     <COMPTYPE>E</COMPTYPE>
    </DD03P>
    <DD03P>
     <FIELDNAME>ATTR5</FIELDNAME>
     <ADMINFIELD>0</ADMINFIELD>
     <INTTYPE>C</INTTYPE>
     <INTLEN>000100</INTLEN>
     <DATATYPE>CHAR</DATATYPE>
     <LENG>000050</LENG>
     <MASK>  CHAR</MASK>
     <DDTEXT>属性5</DDTEXT>
    </DD03P>
    <DD03P>
     <FIELDNAME>ATTR5_OP</FIELDNAME>
     <ROLLNAME>ZRFC_ISP_RELATIONAL_OPERATOR</ROLLNAME>
     <ADMINFIELD>0</ADMINFIELD>
     <COMPTYPE>E</COMPTYPE>
    </DD03P>
    <DD03P>
     <FIELDNAME>ATTR6</FIELDNAME>
     <ADMINFIELD>0</ADMINFIELD>
     <INTTYPE>C</INTTYPE>
     <INTLEN>000100</INTLEN>
     <DATATYPE>CHAR</DATATYPE>
     <LENG>000050</LENG>
     <MASK>  CHAR</MASK>
     <DDTEXT>属性6</DDTEXT>
    </DD03P>
    <DD03P>
     <FIELDNAME>ATTR6_OP</FIELDNAME>
     <ROLLNAME>ZRFC_ISP_RELATIONAL_OPERATOR</ROLLNAME>
     <ADMINFIELD>0</ADMINFIELD>
     <COMPTYPE>E</COMPTYPE>
    </DD03P>
    <DD03P>
     <FIELDNAME>ATTR7</FIELDNAME>
     <ADMINFIELD>0</ADMINFIELD>
     <INTTYPE>C</INTTYPE>
     <INTLEN>000100</INTLEN>
     <DATATYPE>CHAR</DATATYPE>
     <LENG>000050</LENG>
     <MASK>  CHAR</MASK>
     <DDTEXT>属性7</DDTEXT>
    </DD03P>
    <DD03P>
     <FIELDNAME>ATTR7_OP</FIELDNAME>
     <ROLLNAME>ZRFC_ISP_RELATIONAL_OPERATOR</ROLLNAME>
     <ADMINFIELD>0</ADMINFIELD>
     <COMPTYPE>E</COMPTYPE>
    </DD03P>
    <DD03P>
     <FIELDNAME>ATTR8</FIELDNAME>
     <ADMINFIELD>0</ADMINFIELD>
     <INTTYPE>C</INTTYPE>
     <INTLEN>000100</INTLEN>
     <DATATYPE>CHAR</DATATYPE>
     <LENG>000050</LENG>
     <MASK>  CHAR</MASK>
     <DDTEXT>属性8</DDTEXT>
    </DD03P>
    <DD03P>
     <FIELDNAME>ATTR8_OP</FIELDNAME>
     <ROLLNAME>ZRFC_ISP_RELATIONAL_OPERATOR</ROLLNAME>
     <ADMINFIELD>0</ADMINFIELD>
     <COMPTYPE>E</COMPTYPE>
    </DD03P>
   </DD03P_TABLE>
  </asx:values>
 </asx:abap>
</abapGit>
