﻿<?xml version="1.0" encoding="utf-8"?>
<abapGit version="v1.0.0" serializer="LCL_OBJECT_FUGR" serializer_version="v1.0.0">
 <asx:abap xmlns:asx="http://www.sap.com/abapxml" version="1.0">
  <asx:values>
   <AREAT>价格清单</AREAT>
   <INCLUDES>
    <SOBJ_NAME>LZRFC_ISP420E01</SOBJ_NAME>
    <SOBJ_NAME>LZRFC_ISP420TOP</SOBJ_NAME>
    <SOBJ_NAME>SAPLZRFC_ISP420</SOBJ_NAME>
   </INCLUDES>
   <FUNCTIONS>
    <item>
     <FUNCNAME>ZRFC_ISP420</FUNCNAME>
     <REMOTE_CALL>R</REMOTE_CALL>
     <SHORT_TEXT>价格清单</SHORT_TEXT>
     <IMPORT>
      <RSIMP>
       <PARAMETER>IV_SPRAS</PARAMETER>
       <DEFAULT>&apos;1&apos;</DEFAULT>
       <OPTIONAL>X</OPTIONAL>
       <TYP>SPRAS</TYP>
      </RSIMP>
     </IMPORT>
     <TABLES>
      <RSTBL>
       <PARAMETER>ET_DATA</PARAMETER>
       <DBSTRUCT>ZRFC_ISP420_T189T</DBSTRUCT>
       <OPTIONAL>X</OPTIONAL>
      </RSTBL>
     </TABLES>
     <DOCUMENTATION>
      <RSFDO>
       <PARAMETER>IV_SPRAS</PARAMETER>
       <KIND>P</KIND>
       <STEXT>语言代码</STEXT>
      </RSFDO>
      <RSFDO>
       <PARAMETER>ET_DATA</PARAMETER>
       <KIND>P</KIND>
       <STEXT>价格清单</STEXT>
      </RSFDO>
     </DOCUMENTATION>
    </item>
   </FUNCTIONS>
  </asx:values>
 </asx:abap>
</abapGit>
