﻿<?xml version="1.0" encoding="utf-8"?>
<abapGit version="v1.0.0" serializer="LCL_OBJECT_FUGR" serializer_version="v1.0.0">
 <asx:abap xmlns:asx="http://www.sap.com/abapxml" version="1.0">
  <asx:values>
   <AREAT>汇率</AREAT>
   <INCLUDES>
    <SOBJ_NAME>LZRFC_ISP501E01</SOBJ_NAME>
    <SOBJ_NAME>LZRFC_ISP501TOP</SOBJ_NAME>
    <SOBJ_NAME>SAPLZRFC_ISP501</SOBJ_NAME>
   </INCLUDES>
   <FUNCTIONS>
    <item>
     <FUNCNAME>ZRFC_ISP501</FUNCNAME>
     <REMOTE_CALL>R</REMOTE_CALL>
     <SHORT_TEXT>汇率</SHORT_TEXT>
     <IMPORT>
      <RSIMP>
       <PARAMETER>IV_FCURR</PARAMETER>
       <OPTIONAL>X</OPTIONAL>
       <TYP>FCURR_CURR</TYP>
      </RSIMP>
      <RSIMP>
       <PARAMETER>IV_TCURR</PARAMETER>
       <OPTIONAL>X</OPTIONAL>
       <TYP>TCURR_CURR</TYP>
      </RSIMP>
      <RSIMP>
       <PARAMETER>IV_GDATU</PARAMETER>
       <OPTIONAL>X</OPTIONAL>
       <TYP>GDATU_CUR</TYP>
      </RSIMP>
     </IMPORT>
     <TABLES>
      <RSTBL>
       <PARAMETER>ET_DATA</PARAMETER>
       <DBSTRUCT>ZRFC_ISP501_TCURR</DBSTRUCT>
      </RSTBL>
     </TABLES>
     <DOCUMENTATION>
      <RSFDO>
       <PARAMETER>IV_FCURR</PARAMETER>
       <KIND>P</KIND>
       <STEXT>从货币</STEXT>
      </RSFDO>
      <RSFDO>
       <PARAMETER>IV_TCURR</PARAMETER>
       <KIND>P</KIND>
       <STEXT>最终货币</STEXT>
      </RSFDO>
      <RSFDO>
       <PARAMETER>IV_GDATU</PARAMETER>
       <KIND>P</KIND>
       <STEXT>有效的起始日期</STEXT>
      </RSFDO>
      <RSFDO>
       <PARAMETER>ET_DATA</PARAMETER>
       <KIND>P</KIND>
       <STEXT>汇率</STEXT>
      </RSFDO>
     </DOCUMENTATION>
    </item>
   </FUNCTIONS>
  </asx:values>
 </asx:abap>
</abapGit>
