﻿<?xml version="1.0" encoding="utf-8"?>
<abapGit version="v1.0.0" serializer="LCL_OBJECT_TABL" serializer_version="v1.0.0">
 <asx:abap xmlns:asx="http://www.sap.com/abapxml" version="1.0">
  <asx:values>
   <DD02V>
    <TABNAME>ZRFC_ISP522_CEPC</TABNAME>
    <DDLANGUAGE>1</DDLANGUAGE>
    <TABCLASS>INTTAB</TABCLASS>
    <DDTEXT>利润中心</DDTEXT>
   </DD02V>
   <DD03P_TABLE>
    <DD03P>
     <FIELDNAME>PRCTR</FIELDNAME>
     <KEYFLAG>X</KEYFLAG>
     <ROLLNAME>PRCTR</ROLLNAME>
     <ADMINFIELD>0</ADMINFIELD>
     <NOTNULL>X</NOTNULL>
     <SHLPORIGIN>D</SHLPORIGIN>
     <COMPTYPE>E</COMPTYPE>
    </DD03P>
    <DD03P>
     <FIELDNAME>DATBI</FIELDNAME>
     <KEYFLAG>X</KEYFLAG>
     <ROLLNAME>DATBI</ROLLNAME>
     <ADMINFIELD>0</ADMINFIELD>
     <NOTNULL>X</NOTNULL>
     <SHLPORIGIN>T</SHLPORIGIN>
     <COMPTYPE>E</COMPTYPE>
    </DD03P>
    <DD03P>
     <FIELDNAME>KOKRS</FIELDNAME>
     <KEYFLAG>X</KEYFLAG>
     <ROLLNAME>KOKRS</ROLLNAME>
     <ADMINFIELD>0</ADMINFIELD>
     <NOTNULL>X</NOTNULL>
     <COMPTYPE>E</COMPTYPE>
    </DD03P>
    <DD03P>
     <FIELDNAME>DATAB</FIELDNAME>
     <ROLLNAME>DATAB</ROLLNAME>
     <ADMINFIELD>0</ADMINFIELD>
     <SHLPORIGIN>T</SHLPORIGIN>
     <COMPTYPE>E</COMPTYPE>
    </DD03P>
    <DD03P>
     <FIELDNAME>KHINR</FIELDNAME>
     <ROLLNAME>PHINR</ROLLNAME>
     <ADMINFIELD>0</ADMINFIELD>
     <COMPTYPE>E</COMPTYPE>
    </DD03P>
    <DD03P>
     <FIELDNAME>BUKRS</FIELDNAME>
     <ROLLNAME>BUKRS</ROLLNAME>
     <ADMINFIELD>0</ADMINFIELD>
     <SHLPORIGIN>D</SHLPORIGIN>
     <COMPTYPE>E</COMPTYPE>
    </DD03P>
    <DD03P>
     <FIELDNAME>KTEXT</FIELDNAME>
     <ROLLNAME>KTEXT</ROLLNAME>
     <ADMINFIELD>0</ADMINFIELD>
     <COMPTYPE>E</COMPTYPE>
    </DD03P>
    <DD03P>
     <FIELDNAME>LTEXT</FIELDNAME>
     <ROLLNAME>LTEXT</ROLLNAME>
     <ADMINFIELD>0</ADMINFIELD>
     <COMPTYPE>E</COMPTYPE>
    </DD03P>
   </DD03P_TABLE>
  </asx:values>
 </asx:abap>
</abapGit>
