﻿<?xml version="1.0" encoding="utf-8"?>
<abapGit version="v1.0.0" serializer="LCL_OBJECT_FUGR" serializer_version="v1.0.0">
 <asx:abap xmlns:asx="http://www.sap.com/abapxml" version="1.0">
  <asx:values>
   <AREAT>物料移动封装</AREAT>
   <INCLUDES>
    <SOBJ_NAME>LZBAPI_GOODSMVTTOP</SOBJ_NAME>
    <SOBJ_NAME>SAPLZBAPI_GOODSMVT</SOBJ_NAME>
   </INCLUDES>
   <FUNCTIONS>
    <item>
     <FUNCNAME>ZGOODSMVT_PO_IN</FUNCNAME>
     <SHORT_TEXT>采购订单收货</SHORT_TEXT>
     <IMPORT>
      <RSIMP>
       <PARAMETER>I_PSTNG_DATE</PARAMETER>
       <DEFAULT>SY-DATUM</DEFAULT>
       <OPTIONAL>X</OPTIONAL>
       <REFERENCE>X</REFERENCE>
       <TYP>BUDAT</TYP>
      </RSIMP>
      <RSIMP>
       <PARAMETER>I_HEADER_TXT</PARAMETER>
       <OPTIONAL>X</OPTIONAL>
       <REFERENCE>X</REFERENCE>
       <TYP>BKTXT</TYP>
      </RSIMP>
     </IMPORT>
     <EXPORT>
      <RSEXP>
       <PARAMETER>E_TYPE</PARAMETER>
       <REFERENCE>X</REFERENCE>
       <TYP>BAPI_MTYPE</TYP>
      </RSEXP>
      <RSEXP>
       <PARAMETER>E_MESSAGE</PARAMETER>
       <REFERENCE>X</REFERENCE>
       <TYP>BAPI_MSG</TYP>
      </RSEXP>
      <RSEXP>
       <PARAMETER>E_MBLNR</PARAMETER>
       <REFERENCE>X</REFERENCE>
       <TYP>MBLNR</TYP>
      </RSEXP>
     </EXPORT>
     <TABLES>
      <RSTBL>
       <PARAMETER>IT_PO_IN</PARAMETER>
       <DBSTRUCT>ZSGOODSMVT_PO_IN</DBSTRUCT>
      </RSTBL>
     </TABLES>
     <DOCUMENTATION>
      <RSFDO>
       <PARAMETER>I_PSTNG_DATE</PARAMETER>
       <KIND>P</KIND>
       <STEXT>凭证中的过帐日期</STEXT>
      </RSFDO>
      <RSFDO>
       <PARAMETER>I_HEADER_TXT</PARAMETER>
       <KIND>P</KIND>
       <STEXT>凭证抬头文本</STEXT>
      </RSFDO>
      <RSFDO>
       <PARAMETER>E_TYPE</PARAMETER>
       <KIND>P</KIND>
       <STEXT>消息类型: S 成功,E 错误,W 警告,I 信息,A 中断</STEXT>
      </RSFDO>
      <RSFDO>
       <PARAMETER>E_MESSAGE</PARAMETER>
       <KIND>P</KIND>
       <STEXT>消息文本</STEXT>
      </RSFDO>
      <RSFDO>
       <PARAMETER>E_MBLNR</PARAMETER>
       <KIND>P</KIND>
       <STEXT>物料凭证编号</STEXT>
      </RSFDO>
      <RSFDO>
       <PARAMETER>IT_PO_IN</PARAMETER>
       <KIND>P</KIND>
       <STEXT>采购收货结构</STEXT>
      </RSFDO>
     </DOCUMENTATION>
    </item>
   </FUNCTIONS>
  </asx:values>
 </asx:abap>
</abapGit>
