﻿<?xml version="1.0" encoding="utf-8"?>
<abapGit version="v1.0.0" serializer="LCL_OBJECT_CLAS" serializer_version="v1.0.0">
 <asx:abap xmlns:asx="http://www.sap.com/abapxml" version="1.0">
  <asx:values>
   <VSEOCLASS>
    <CLSNAME>ZCL_IM_MB_MIGO_BADI</CLSNAME>
    <LANGU>1</LANGU>
    <DESCRIPT>业务加载项实施的实施类 ZMB_MIGO_BADI</DESCRIPT>
    <STATE>1</STATE>
    <CLSCCINCL>X</CLSCCINCL>
    <FIXPT>X</FIXPT>
    <UNICODE>X</UNICODE>
   </VSEOCLASS>
   <DESCRIPTIONS>
    <SEOCOMPOTX>
     <CLSNAME>ZCL_IM_MB_MIGO_BADI</CLSNAME>
     <CMPNAME>GS_GOITEM</CMPNAME>
     <LANGU>1</LANGU>
     <DESCRIPT>MMIM Enjoy：项目数据</DESCRIPT>
    </SEOCOMPOTX>
    <SEOCOMPOTX>
     <CLSNAME>ZCL_IM_MB_MIGO_BADI</CLSNAME>
     <CMPNAME>GT_GOITEM</CMPNAME>
     <LANGU>1</LANGU>
     <DESCRIPT>MB: Table Type GOITEM for MIGO</DESCRIPT>
    </SEOCOMPOTX>
    <SEOCOMPOTX>
     <CLSNAME>ZCL_IM_MB_MIGO_BADI</CLSNAME>
     <CMPNAME>LT_GOITEM</CMPNAME>
     <LANGU>1</LANGU>
     <DESCRIPT>MB: Table Type GOITEM for MIGO</DESCRIPT>
    </SEOCOMPOTX>
   </DESCRIPTIONS>
  </asx:values>
 </asx:abap>
</abapGit>
