﻿<?xml version="1.0" encoding="utf-8"?>
<abapGit version="v1.0.0" serializer="LCL_OBJECT_ENHO" serializer_version="v1.0.0">
 <asx:abap xmlns:asx="http://www.sap.com/abapxml" version="1.0">
  <asx:values>
   <TOOL>BADI_IMPL</TOOL>
   <SHORTTEXT>发票校验增强</SHORTTEXT>
   <SPOT_NAME>INVOICE_UPDATE</SPOT_NAME>
   <IMPL>
    <ENH_BADI_IMPL_DATA>
     <SPOT_NAME>INVOICE_UPDATE</SPOT_NAME>
     <BADI_NAME>INVOICE_UPDATE</BADI_NAME>
     <IMPL_NAME>ZIM_INVOICE_UPDATE</IMPL_NAME>
     <IMPL_CLASS>ZIMCL_INVOICE_UPDATE</IMPL_CLASS>
     <ACTIVE>X</ACTIVE>
     <IMPL_SHORTTEXT>实施： Business Add In Logistik Rechnungsprüfung</IMPL_SHORTTEXT>
     <IMPL_SHORTTEXT_ID>00505682F3881EE999E3C2FFABB9E3DA</IMPL_SHORTTEXT_ID>
    </ENH_BADI_IMPL_DATA>
   </IMPL>
   <SOTR>
    <item>
     <HEADER>
      <CONCEPT>00505682F3881EE999E3BD586683A3D7</CONCEPT>
      <CREA_LAN>1</CREA_LAN>
      <TRALA_TYPE>1</TRALA_TYPE>
      <OBJID_VEC>AAI=</OBJID_VEC>
     </HEADER>
     <ENTRIES>
      <SOTR_TEXT>
       <CONCEPT>00505682F3881EE999E3BD586683A3D7</CONCEPT>
       <LANGU>1</LANGU>
       <LFD_NUM>0001</LFD_NUM>
       <FLAG_CNTXT>X</FLAG_CNTXT>
       <STATUS>R</STATUS>
       <LENGTH>016</LENGTH>
       <TEXT>发票校验增强</TEXT>
      </SOTR_TEXT>
     </ENTRIES>
    </item>
    <item>
     <HEADER>
      <CONCEPT>00505682F3881EE999E3C2FFABB9E3DA</CONCEPT>
      <CREA_LAN>1</CREA_LAN>
      <TRALA_TYPE>1</TRALA_TYPE>
      <OBJID_VEC>AAI=</OBJID_VEC>
     </HEADER>
     <ENTRIES>
      <SOTR_TEXT>
       <CONCEPT>00505682F3881EE999E3C2FFABB9E3DA</CONCEPT>
       <LANGU>1</LANGU>
       <LFD_NUM>0001</LFD_NUM>
       <FLAG_CNTXT>X</FLAG_CNTXT>
       <STATUS>R</STATUS>
       <LENGTH>068</LENGTH>
       <TEXT>实施： Business Add In Logistik Rechnungsprüfung</TEXT>
      </SOTR_TEXT>
     </ENTRIES>
    </item>
   </SOTR>
   <SOTR_USE>
    <SOTR_USE>
     <PGMID>R3TR</PGMID>
     <OBJECT>ENHO</OBJECT>
     <OBJ_NAME>ZENH_IM_INVOICE_UPDATE</OBJ_NAME>
     <CONCEPT>00505682F3881EE999E3BD586683A3D7</CONCEPT>
     <LFD_NUM>0001</LFD_NUM>
    </SOTR_USE>
    <SOTR_USE>
     <PGMID>R3TR</PGMID>
     <OBJECT>ENHO</OBJECT>
     <OBJ_NAME>ZENH_IM_INVOICE_UPDATE</OBJ_NAME>
     <CONCEPT>00505682F3881EE999E3C2FFABB9E3DA</CONCEPT>
     <LFD_NUM>0001</LFD_NUM>
    </SOTR_USE>
   </SOTR_USE>
  </asx:values>
 </asx:abap>
</abapGit>
