﻿<?xml version="1.0" encoding="utf-8"?>
<abapGit version="v1.0.0" serializer="LCL_OBJECT_ENHO" serializer_version="v1.0.0">
 <asx:abap xmlns:asx="http://www.sap.com/abapxml" version="1.0">
  <asx:values>
   <TOOL>HOOK_IMPL</TOOL>
   <SHORTTEXT>采购信息记录增强</SHORTTEXT>
   <ORIGINAL_OBJECT>
    <PGMID>R3TR</PGMID>
    <ORG_OBJ_TYPE>PROG</ORG_OBJ_TYPE>
    <ORG_OBJ_NAME>SAPMM06I</ORG_OBJ_NAME>
    <ORG_MAIN_TYPE>PROG</ORG_MAIN_TYPE>
    <ORG_MAIN_NAME>SAPMM06I</ORG_MAIN_NAME>
    <PROGRAMNAME>SAPMM06I</PROGRAMNAME>
   </ORIGINAL_OBJECT>
   <ENHANCEMENTS>
    <ENH_HOOK_IMPL>
     <PROGRAMNAME>SAPMM06I</PROGRAMNAME>
     <ENHMODE>D</ENHMODE>
     <FULL_NAME>\PR:SAPMM06I\FO:PRUEFEN\SE:BEGIN\EI</FULL_NAME>
     <SOURCE>
      <item>*</item>
      <item>  DATA:L_INFNR TYPE  EINA-INFNR.</item>
      <item>  DATA:L_MATNR TYPE MARA-MATNR.</item>
      <item>  DATA:L_ESOKZ TYPE EINE-ESOKZ.</item>
      <item>  IF EINA-LIFNR IS NOT INITIAL AND</item>
      <item>     EINA-MATNR IS INITIAL AND</item>
      <item>     EINE-EKORG IS NOT INITIAL AND</item>
      <item>     EINE-WERKS IS NOT INITIAL AND</item>
      <item>     EINA-INFNR is INITIAL AND</item>
      <item>     EINA-MATKL IS NOT INITIAL AND</item>
      <item>     EINA-IDNLF IS NOT INITIAL.</item>
      <item/>
      <item>    CALL FUNCTION &apos;CONVERSION_EXIT_MATN1_INPUT&apos;</item>
      <item>      EXPORTING</item>
      <item>        input              = EINA-IDNLF</item>
      <item>     IMPORTING</item>
      <item>       OUTPUT             = L_MATNR</item>
      <item>     EXCEPTIONS</item>
      <item>       LENGTH_ERROR       = 1</item>
      <item>       OTHERS             = 2</item>
      <item>              .</item>
      <item>    IF sy-subrc &lt;&gt; 0.</item>
      <item>* Implement suitable error handling here</item>
      <item>    ENDIF.</item>
      <item>    CLEAR:L_ESOKZ.</item>
      <item>CASE &apos;X&apos;.</item>
      <item>  WHEN RM06I-NORMB.</item>
      <item>   L_ESOKZ = &apos;0&apos;.</item>
      <item>  WHEN RM06I-LOHNB.</item>
      <item>   L_ESOKZ = &apos;3&apos;.</item>
      <item>ENDCASE.</item>
      <item> CLEAR:L_INFNR.</item>
      <item> IF SY-TCODE = &apos;ME11&apos;.</item>
      <item>    SELECT SINGLE eina~INFNR INTO L_INFNR</item>
      <item>      FROM EINA INNER JOIN EINe on EINA~INFNR = EINe~INFNR</item>
      <item>        WHERE LIFNR = EINA-LIFNR</item>
      <item>                 AND  MATKL = EINA-MATKL</item>
      <item>                 AND  WERKS = EINe-WERKS</item>
      <item>                 AND  EKORG = EINE-EKORG</item>
      <item>                 AND  IDNLF = L_MATNR</item>
      <item>                 AND  ESOKZ = L_ESOKZ</item>
      <item>*-------------------20190328陈培乐修改----------------------------*</item>
      <item>                 and  sortl = eina-sortl</item>
      <item>*-------------------20190328陈培乐修改----------------------------*</item>
      <item>                 .</item>
      <item>      IF SY-SUBRC = 0.</item>
      <item>        MESSAGE &apos;已经存采购信息记录&apos; TYPE &apos;E&apos;.</item>
      <item>      ENDIF.</item>
      <item> ENDIF.</item>
      <item/>
      <item/>
      <item/>
      <item/>
      <item>  ENDIF.</item>
     </SOURCE>
    </ENH_HOOK_IMPL>
   </ENHANCEMENTS>
   <SOTR>
    <item>
     <HEADER>
      <CONCEPT>00505682F3881EE8AE95BF9D450E591B</CONCEPT>
      <CREA_LAN>1</CREA_LAN>
      <TRALA_TYPE>1</TRALA_TYPE>
      <OBJID_VEC>AAI=</OBJID_VEC>
     </HEADER>
     <ENTRIES>
      <SOTR_TEXT>
       <CONCEPT>00505682F3881EE8AE95BF9D450E591B</CONCEPT>
       <LANGU>1</LANGU>
       <LFD_NUM>0001</LFD_NUM>
       <FLAG_CNTXT>X</FLAG_CNTXT>
       <STATUS>R</STATUS>
       <LENGTH>018</LENGTH>
       <TEXT>采购信息记录增强</TEXT>
      </SOTR_TEXT>
     </ENTRIES>
    </item>
   </SOTR>
   <SOTR_USE>
    <SOTR_USE>
     <PGMID>R3TR</PGMID>
     <OBJECT>ENHO</OBJECT>
     <OBJ_NAME>ZENH_ME11</OBJ_NAME>
     <CONCEPT>00505682F3881EE8AE95BF9D450E591B</CONCEPT>
     <LFD_NUM>0001</LFD_NUM>
    </SOTR_USE>
   </SOTR_USE>
  </asx:values>
 </asx:abap>
</abapGit>
