﻿<?xml version="1.0" encoding="utf-8"?>
<abapGit version="v1.0.0" serializer="LCL_OBJECT_DTEL" serializer_version="v1.0.0">
 <asx:abap xmlns:asx="http://www.sap.com/abapxml" version="1.0">
  <asx:values>
   <DD04V>
    <ROLLNAME>ZGBRY</ROLLNAME>
    <DDLANGUAGE>1</DDLANGUAGE>
    <HEADLEN>30</HEADLEN>
    <SCRLEN1>10</SCRLEN1>
    <SCRLEN2>20</SCRLEN2>
    <SCRLEN3>40</SCRLEN3>
    <DDTEXT>关闭人</DDTEXT>
    <REPTEXT>关闭人</REPTEXT>
    <SCRTEXT_S>关闭人</SCRTEXT_S>
    <SCRTEXT_M>关闭人</SCRTEXT_M>
    <SCRTEXT_L>关闭人</SCRTEXT_L>
    <DTELMASTER>1</DTELMASTER>
    <DATATYPE>CHAR</DATATYPE>
    <LENG>000012</LENG>
    <OUTPUTLEN>000012</OUTPUTLEN>
   </DD04V>
  </asx:values>
 </asx:abap>
</abapGit>
