﻿<?xml version="1.0" encoding="utf-8"?>
<abapGit version="v1.0.0" serializer="LCL_OBJECT_FUGR" serializer_version="v1.0.0">
 <asx:abap xmlns:asx="http://www.sap.com/abapxml" version="1.0">
  <asx:values>
   <AREAT>根据规则获取追踪号</AREAT>
   <INCLUDES>
    <SOBJ_NAME>LZMM_FG_001TOP</SOBJ_NAME>
    <SOBJ_NAME>SAPLZMM_FG_001</SOBJ_NAME>
   </INCLUDES>
   <FUNCTIONS>
    <item>
     <FUNCNAME>ZFN_QS21DL</FUNCNAME>
     <SHORT_TEXT>bdc</SHORT_TEXT>
     <IMPORT>
      <RSIMP>
       <PARAMETER>CTU</PARAMETER>
       <DBFIELD>APQI-PUTACTIVE</DBFIELD>
       <DEFAULT>&apos;X&apos;</DEFAULT>
       <OPTIONAL>X</OPTIONAL>
      </RSIMP>
      <RSIMP>
       <PARAMETER>MODE</PARAMETER>
       <DBFIELD>APQI-PUTACTIVE</DBFIELD>
       <OPTIONAL>X</OPTIONAL>
      </RSIMP>
      <RSIMP>
       <PARAMETER>UPDATE</PARAMETER>
       <DBFIELD>APQI-PUTACTIVE</DBFIELD>
       <DEFAULT>&apos;L&apos;</DEFAULT>
       <OPTIONAL>X</OPTIONAL>
      </RSIMP>
      <RSIMP>
       <PARAMETER>GROUP</PARAMETER>
       <DBFIELD>APQI-GROUPID</DBFIELD>
       <OPTIONAL>X</OPTIONAL>
      </RSIMP>
      <RSIMP>
       <PARAMETER>USER</PARAMETER>
       <DBFIELD>APQI-USERID</DBFIELD>
       <OPTIONAL>X</OPTIONAL>
      </RSIMP>
      <RSIMP>
       <PARAMETER>KEEP</PARAMETER>
       <DBFIELD>APQI-QERASE</DBFIELD>
       <OPTIONAL>X</OPTIONAL>
      </RSIMP>
      <RSIMP>
       <PARAMETER>HOLDDATE</PARAMETER>
       <DBFIELD>APQI-STARTDATE</DBFIELD>
       <OPTIONAL>X</OPTIONAL>
      </RSIMP>
      <RSIMP>
       <PARAMETER>NODATA</PARAMETER>
       <DBFIELD>APQI-PUTACTIVE</DBFIELD>
       <DEFAULT>&apos;/&apos;</DEFAULT>
       <OPTIONAL>X</OPTIONAL>
      </RSIMP>
      <RSIMP>
       <PARAMETER>WERKS_001</PARAMETER>
       <DBFIELD>BDCDATA-FVAL</DBFIELD>
       <DEFAULT>&apos;2000&apos;</DEFAULT>
      </RSIMP>
      <RSIMP>
       <PARAMETER>MKMNR_002</PARAMETER>
       <DBFIELD>BDCDATA-FVAL</DBFIELD>
       <DEFAULT>&apos;DL200015&apos;</DEFAULT>
      </RSIMP>
      <RSIMP>
       <PARAMETER>GUELTIGAB_003</PARAMETER>
       <DBFIELD>BDCDATA-FVAL</DBFIELD>
       <DEFAULT>&apos;2017/11/28&apos;</DEFAULT>
      </RSIMP>
      <RSIMP>
       <PARAMETER>QUANTITAET_004</PARAMETER>
       <DBFIELD>BDCDATA-FVAL</DBFIELD>
       <DEFAULT>&apos;X&apos;</DEFAULT>
      </RSIMP>
      <RSIMP>
       <PARAMETER>LOEKZ_005</PARAMETER>
       <DBFIELD>BDCDATA-FVAL</DBFIELD>
       <DEFAULT>&apos;2&apos;</DEFAULT>
      </RSIMP>
      <RSIMP>
       <PARAMETER>KURZTEXT_006</PARAMETER>
       <DBFIELD>BDCDATA-FVAL</DBFIELD>
       <DEFAULT>&apos;1100005446&apos;</DEFAULT>
      </RSIMP>
      <RSIMP>
       <PARAMETER>SORTFELD_007</PARAMETER>
       <DBFIELD>BDCDATA-FVAL</DBFIELD>
       <DEFAULT>&apos;尺寸203&apos;</DEFAULT>
      </RSIMP>
      <RSIMP>
       <PARAMETER>CHARACT_ID1_008</PARAMETER>
       <DBFIELD>BDCDATA-FVAL</DBFIELD>
       <DEFAULT>&apos;&gt;198&apos;</DEFAULT>
      </RSIMP>
      <RSIMP>
       <PARAMETER>TOLERUNTEN_009</PARAMETER>
       <DBFIELD>BDCDATA-FVAL</DBFIELD>
       <DEFAULT>&apos;X&apos;</DEFAULT>
      </RSIMP>
      <RSIMP>
       <PARAMETER>TOLEROBEN_010</PARAMETER>
       <DBFIELD>BDCDATA-FVAL</DBFIELD>
       <DEFAULT>&apos;X&apos;</DEFAULT>
      </RSIMP>
      <RSIMP>
       <PARAMETER>SOLLPRUEF_011</PARAMETER>
       <DBFIELD>BDCDATA-FVAL</DBFIELD>
       <DEFAULT>&apos;X&apos;</DEFAULT>
      </RSIMP>
      <RSIMP>
       <PARAMETER>STICHPR_012</PARAMETER>
       <DBFIELD>BDCDATA-FVAL</DBFIELD>
       <DEFAULT>&apos;X&apos;</DEFAULT>
      </RSIMP>
      <RSIMP>
       <PARAMETER>ESTUKZ5_013</PARAMETER>
       <DBFIELD>BDCDATA-FVAL</DBFIELD>
       <DEFAULT>&apos;&apos;</DEFAULT>
      </RSIMP>
      <RSIMP>
       <PARAMETER>RZWANG4_014</PARAMETER>
       <DBFIELD>BDCDATA-FVAL</DBFIELD>
       <DEFAULT>&apos;X&apos;</DEFAULT>
      </RSIMP>
      <RSIMP>
       <PARAMETER>ESTUKZ3_015</PARAMETER>
       <DBFIELD>BDCDATA-FVAL</DBFIELD>
       <DEFAULT>&apos;X&apos;</DEFAULT>
      </RSIMP>
      <RSIMP>
       <PARAMETER>DOKUKZ1_016</PARAMETER>
       <DBFIELD>BDCDATA-FVAL</DBFIELD>
       <DEFAULT>&apos;X&apos;</DEFAULT>
      </RSIMP>
      <RSIMP>
       <PARAMETER>PUMFKZ4_017</PARAMETER>
       <DBFIELD>BDCDATA-FVAL</DBFIELD>
       <DEFAULT>&apos;X&apos;</DEFAULT>
      </RSIMP>
      <RSIMP>
       <PARAMETER>MESSWERTE_018</PARAMETER>
       <DBFIELD>BDCDATA-FVAL</DBFIELD>
       <DEFAULT>&apos;X&apos;</DEFAULT>
      </RSIMP>
      <RSIMP>
       <PARAMETER>DRUCK1_019</PARAMETER>
       <DBFIELD>BDCDATA-FVAL</DBFIELD>
       <DEFAULT>&apos;X&apos;</DEFAULT>
      </RSIMP>
      <RSIMP>
       <PARAMETER>KEINEFORMEL_020</PARAMETER>
       <DBFIELD>BDCDATA-FVAL</DBFIELD>
       <DEFAULT>&apos;X&apos;</DEFAULT>
      </RSIMP>
      <RSIMP>
       <PARAMETER>QUANTITAET_021</PARAMETER>
       <DBFIELD>BDCDATA-FVAL</DBFIELD>
       <DEFAULT>&apos;X&apos;</DEFAULT>
      </RSIMP>
      <RSIMP>
       <PARAMETER>LOEKZ_022</PARAMETER>
       <DBFIELD>BDCDATA-FVAL</DBFIELD>
       <DEFAULT>&apos;2&apos;</DEFAULT>
      </RSIMP>
      <RSIMP>
       <PARAMETER>KURZTEXT_023</PARAMETER>
       <DBFIELD>BDCDATA-FVAL</DBFIELD>
       <DEFAULT>&apos;1100005446&apos;</DEFAULT>
      </RSIMP>
      <RSIMP>
       <PARAMETER>SORTFELD_024</PARAMETER>
       <DBFIELD>BDCDATA-FVAL</DBFIELD>
       <DEFAULT>&apos;尺寸203&apos;</DEFAULT>
      </RSIMP>
      <RSIMP>
       <PARAMETER>CHARACT_ID1_025</PARAMETER>
       <DBFIELD>BDCDATA-FVAL</DBFIELD>
       <DEFAULT>&apos;&gt;198&apos;</DEFAULT>
       <REFERENCE>X</REFERENCE>
      </RSIMP>
      <RSIMP>
       <PARAMETER>STELLEN_026</PARAMETER>
       <DBFIELD>BDCDATA-FVAL</DBFIELD>
       <DEFAULT>&apos;0&apos;</DEFAULT>
       <REFERENCE>X</REFERENCE>
      </RSIMP>
      <RSIMP>
       <PARAMETER>MASSEINHSW_027</PARAMETER>
       <DBFIELD>BDCDATA-FVAL</DBFIELD>
       <DEFAULT>&apos;毫米&apos;</DEFAULT>
       <REFERENCE>X</REFERENCE>
      </RSIMP>
      <RSIMP>
       <PARAMETER>SOLLWERT_028</PARAMETER>
       <DBFIELD>BDCDATA-FVAL</DBFIELD>
       <DEFAULT>&apos;203&apos;</DEFAULT>
       <REFERENCE>X</REFERENCE>
      </RSIMP>
      <RSIMP>
       <PARAMETER>TOLERANZUN_029</PARAMETER>
       <DBFIELD>BDCDATA-FVAL</DBFIELD>
       <DEFAULT>&apos;198&apos;</DEFAULT>
       <REFERENCE>X</REFERENCE>
      </RSIMP>
      <RSIMP>
       <PARAMETER>TOLERANZOB_030</PARAMETER>
       <DBFIELD>BDCDATA-FVAL</DBFIELD>
       <DEFAULT>&apos;208&apos;</DEFAULT>
       <REFERENCE>X</REFERENCE>
      </RSIMP>
      <RSIMP>
       <PARAMETER>QUANTITAET_031</PARAMETER>
       <DBFIELD>BDCDATA-FVAL</DBFIELD>
       <DEFAULT>&apos;X&apos;</DEFAULT>
       <REFERENCE>X</REFERENCE>
      </RSIMP>
      <RSIMP>
       <PARAMETER>LOEKZ_032</PARAMETER>
       <DBFIELD>BDCDATA-FVAL</DBFIELD>
       <DEFAULT>&apos;2&apos;</DEFAULT>
       <REFERENCE>X</REFERENCE>
      </RSIMP>
      <RSIMP>
       <PARAMETER>KURZTEXT_033</PARAMETER>
       <DBFIELD>BDCDATA-FVAL</DBFIELD>
       <DEFAULT>&apos;1100005446111111111&apos;</DEFAULT>
       <REFERENCE>X</REFERENCE>
      </RSIMP>
      <RSIMP>
       <PARAMETER>SORTFELD_034</PARAMETER>
       <DBFIELD>BDCDATA-FVAL</DBFIELD>
       <DEFAULT>&apos;尺寸203&apos;</DEFAULT>
       <REFERENCE>X</REFERENCE>
      </RSIMP>
      <RSIMP>
       <PARAMETER>CHARACT_ID1_035</PARAMETER>
       <DBFIELD>BDCDATA-FVAL</DBFIELD>
       <DEFAULT>&apos;&gt;198&apos;</DEFAULT>
       <REFERENCE>X</REFERENCE>
      </RSIMP>
      <RSIMP>
       <PARAMETER>LS_IM_DATA</PARAMETER>
       <REFERENCE>X</REFERENCE>
       <TYP>ZSQM001</TYP>
      </RSIMP>
     </IMPORT>
     <EXPORT>
      <RSEXP>
       <PARAMETER>SUBRC</PARAMETER>
       <DBFIELD>SYST-SUBRC</DBFIELD>
      </RSEXP>
     </EXPORT>
     <TABLES>
      <RSTBL>
       <PARAMETER>MESSTAB</PARAMETER>
       <DBSTRUCT>BDCMSGCOLL</DBSTRUCT>
       <OPTIONAL>X</OPTIONAL>
      </RSTBL>
     </TABLES>
     <DOCUMENTATION>
      <RSFDO>
       <PARAMETER>CTU</PARAMETER>
       <KIND>P</KIND>
      </RSFDO>
      <RSFDO>
       <PARAMETER>MODE</PARAMETER>
       <KIND>P</KIND>
      </RSFDO>
      <RSFDO>
       <PARAMETER>UPDATE</PARAMETER>
       <KIND>P</KIND>
      </RSFDO>
      <RSFDO>
       <PARAMETER>GROUP</PARAMETER>
       <KIND>P</KIND>
      </RSFDO>
      <RSFDO>
       <PARAMETER>USER</PARAMETER>
       <KIND>P</KIND>
      </RSFDO>
      <RSFDO>
       <PARAMETER>KEEP</PARAMETER>
       <KIND>P</KIND>
      </RSFDO>
      <RSFDO>
       <PARAMETER>HOLDDATE</PARAMETER>
       <KIND>P</KIND>
      </RSFDO>
      <RSFDO>
       <PARAMETER>NODATA</PARAMETER>
       <KIND>P</KIND>
      </RSFDO>
      <RSFDO>
       <PARAMETER>WERKS_001</PARAMETER>
       <KIND>P</KIND>
      </RSFDO>
      <RSFDO>
       <PARAMETER>MKMNR_002</PARAMETER>
       <KIND>P</KIND>
      </RSFDO>
      <RSFDO>
       <PARAMETER>GUELTIGAB_003</PARAMETER>
       <KIND>P</KIND>
      </RSFDO>
      <RSFDO>
       <PARAMETER>QUANTITAET_004</PARAMETER>
       <KIND>P</KIND>
      </RSFDO>
      <RSFDO>
       <PARAMETER>LOEKZ_005</PARAMETER>
       <KIND>P</KIND>
      </RSFDO>
      <RSFDO>
       <PARAMETER>KURZTEXT_006</PARAMETER>
       <KIND>P</KIND>
      </RSFDO>
      <RSFDO>
       <PARAMETER>SORTFELD_007</PARAMETER>
       <KIND>P</KIND>
      </RSFDO>
      <RSFDO>
       <PARAMETER>CHARACT_ID1_008</PARAMETER>
       <KIND>P</KIND>
      </RSFDO>
      <RSFDO>
       <PARAMETER>TOLERUNTEN_009</PARAMETER>
       <KIND>P</KIND>
      </RSFDO>
      <RSFDO>
       <PARAMETER>TOLEROBEN_010</PARAMETER>
       <KIND>P</KIND>
       <STEXT>BDC 字段值</STEXT>
      </RSFDO>
      <RSFDO>
       <PARAMETER>SOLLPRUEF_011</PARAMETER>
       <KIND>P</KIND>
       <STEXT>BDC 字段值</STEXT>
      </RSFDO>
      <RSFDO>
       <PARAMETER>STICHPR_012</PARAMETER>
       <KIND>P</KIND>
       <STEXT>BDC 字段值</STEXT>
      </RSFDO>
      <RSFDO>
       <PARAMETER>ESTUKZ5_013</PARAMETER>
       <KIND>P</KIND>
       <STEXT>BDC 字段值</STEXT>
      </RSFDO>
      <RSFDO>
       <PARAMETER>RZWANG4_014</PARAMETER>
       <KIND>P</KIND>
       <STEXT>BDC 字段值</STEXT>
      </RSFDO>
      <RSFDO>
       <PARAMETER>ESTUKZ3_015</PARAMETER>
       <KIND>P</KIND>
       <STEXT>BDC 字段值</STEXT>
      </RSFDO>
      <RSFDO>
       <PARAMETER>DOKUKZ1_016</PARAMETER>
       <KIND>P</KIND>
       <STEXT>BDC 字段值</STEXT>
      </RSFDO>
      <RSFDO>
       <PARAMETER>PUMFKZ4_017</PARAMETER>
       <KIND>P</KIND>
       <STEXT>BDC 字段值</STEXT>
      </RSFDO>
      <RSFDO>
       <PARAMETER>MESSWERTE_018</PARAMETER>
       <KIND>P</KIND>
       <STEXT>BDC 字段值</STEXT>
      </RSFDO>
      <RSFDO>
       <PARAMETER>DRUCK1_019</PARAMETER>
       <KIND>P</KIND>
       <STEXT>BDC 字段值</STEXT>
      </RSFDO>
      <RSFDO>
       <PARAMETER>KEINEFORMEL_020</PARAMETER>
       <KIND>P</KIND>
       <STEXT>BDC 字段值</STEXT>
      </RSFDO>
      <RSFDO>
       <PARAMETER>QUANTITAET_021</PARAMETER>
       <KIND>P</KIND>
       <STEXT>BDC 字段值</STEXT>
      </RSFDO>
      <RSFDO>
       <PARAMETER>LOEKZ_022</PARAMETER>
       <KIND>P</KIND>
       <STEXT>BDC 字段值</STEXT>
      </RSFDO>
      <RSFDO>
       <PARAMETER>KURZTEXT_023</PARAMETER>
       <KIND>P</KIND>
       <STEXT>BDC 字段值</STEXT>
      </RSFDO>
      <RSFDO>
       <PARAMETER>SORTFELD_024</PARAMETER>
       <KIND>P</KIND>
       <STEXT>BDC 字段值</STEXT>
      </RSFDO>
      <RSFDO>
       <PARAMETER>CHARACT_ID1_025</PARAMETER>
       <KIND>P</KIND>
       <STEXT>BDC 字段值</STEXT>
      </RSFDO>
      <RSFDO>
       <PARAMETER>STELLEN_026</PARAMETER>
       <KIND>P</KIND>
       <STEXT>BDC 字段值</STEXT>
      </RSFDO>
      <RSFDO>
       <PARAMETER>MASSEINHSW_027</PARAMETER>
       <KIND>P</KIND>
       <STEXT>BDC 字段值</STEXT>
      </RSFDO>
      <RSFDO>
       <PARAMETER>SOLLWERT_028</PARAMETER>
       <KIND>P</KIND>
       <STEXT>BDC 字段值</STEXT>
      </RSFDO>
      <RSFDO>
       <PARAMETER>TOLERANZUN_029</PARAMETER>
       <KIND>P</KIND>
       <STEXT>BDC 字段值</STEXT>
      </RSFDO>
      <RSFDO>
       <PARAMETER>TOLERANZOB_030</PARAMETER>
       <KIND>P</KIND>
       <STEXT>BDC 字段值</STEXT>
      </RSFDO>
      <RSFDO>
       <PARAMETER>QUANTITAET_031</PARAMETER>
       <KIND>P</KIND>
       <STEXT>BDC 字段值</STEXT>
      </RSFDO>
      <RSFDO>
       <PARAMETER>LOEKZ_032</PARAMETER>
       <KIND>P</KIND>
       <STEXT>BDC 字段值</STEXT>
      </RSFDO>
      <RSFDO>
       <PARAMETER>KURZTEXT_033</PARAMETER>
       <KIND>P</KIND>
       <STEXT>BDC 字段值</STEXT>
      </RSFDO>
      <RSFDO>
       <PARAMETER>SORTFELD_034</PARAMETER>
       <KIND>P</KIND>
       <STEXT>BDC 字段值</STEXT>
      </RSFDO>
      <RSFDO>
       <PARAMETER>CHARACT_ID1_035</PARAMETER>
       <KIND>P</KIND>
       <STEXT>BDC 字段值</STEXT>
      </RSFDO>
      <RSFDO>
       <PARAMETER>LS_IM_DATA</PARAMETER>
       <KIND>P</KIND>
       <STEXT>定量数据结构</STEXT>
      </RSFDO>
      <RSFDO>
       <PARAMETER>SUBRC</PARAMETER>
       <KIND>P</KIND>
       <STEXT>ABAP 系统字段：ABAP 语句的返回码</STEXT>
      </RSFDO>
      <RSFDO>
       <PARAMETER>MESSTAB</PARAMETER>
       <KIND>P</KIND>
       <STEXT>收集 SAP 系统中的信息</STEXT>
      </RSFDO>
     </DOCUMENTATION>
    </item>
    <item>
     <FUNCNAME>ZMM_FM_GET_BEDNR</FUNCNAME>
     <SHORT_TEXT>获取追踪编号</SHORT_TEXT>
     <IMPORT>
      <RSIMP>
       <PARAMETER>I_ZJECT</PARAMETER>
       <REFERENCE>X</REFERENCE>
       <TYP>ZMME_ZJECT</TYP>
      </RSIMP>
      <RSIMP>
       <PARAMETER>I_ZYEAR</PARAMETER>
       <REFERENCE>X</REFERENCE>
       <TYP>ZMME_ZYEAR</TYP>
      </RSIMP>
      <RSIMP>
       <PARAMETER>I_ZDATE</PARAMETER>
       <REFERENCE>X</REFERENCE>
       <TYP>ZMME_ZDATE</TYP>
      </RSIMP>
     </IMPORT>
     <EXPORT>
      <RSEXP>
       <PARAMETER>E_BEDNR</PARAMETER>
       <REFERENCE>X</REFERENCE>
       <TYP>BEDNR</TYP>
      </RSEXP>
     </EXPORT>
     <DOCUMENTATION>
      <RSFDO>
       <PARAMETER>I_ZJECT</PARAMETER>
       <KIND>P</KIND>
       <STEXT>单字符标记</STEXT>
      </RSFDO>
      <RSFDO>
       <PARAMETER>I_ZYEAR</PARAMETER>
       <KIND>P</KIND>
       <STEXT>版本号组件</STEXT>
      </RSFDO>
      <RSFDO>
       <PARAMETER>I_ZDATE</PARAMETER>
       <KIND>P</KIND>
       <STEXT>没有更多的定义范围, 可以使用插入级</STEXT>
      </RSFDO>
      <RSFDO>
       <PARAMETER>E_BEDNR</PARAMETER>
       <KIND>P</KIND>
       <STEXT>需求跟踪号</STEXT>
      </RSFDO>
     </DOCUMENTATION>
    </item>
    <item>
     <FUNCNAME>ZMM_FM_GET_QUNUM</FUNCNAME>
     <SHORT_TEXT>获取追踪编号</SHORT_TEXT>
     <IMPORT>
      <RSIMP>
       <PARAMETER>I_ZYDAT</PARAMETER>
       <REFERENCE>X</REFERENCE>
       <TYP>ZMME_ZYDAT</TYP>
      </RSIMP>
     </IMPORT>
     <EXPORT>
      <RSEXP>
       <PARAMETER>E_QUNUM</PARAMETER>
       <REFERENCE>X</REFERENCE>
       <TYP>QUNUM</TYP>
      </RSEXP>
     </EXPORT>
     <DOCUMENTATION>
      <RSFDO>
       <PARAMETER>I_ZYDAT</PARAMETER>
       <KIND>P</KIND>
       <STEXT>没有更多的定义范围, 可以使用插入级</STEXT>
      </RSFDO>
      <RSFDO>
       <PARAMETER>E_QUNUM</PARAMETER>
       <KIND>P</KIND>
       <STEXT>配额协议号</STEXT>
      </RSFDO>
     </DOCUMENTATION>
    </item>
    <item>
     <FUNCNAME>ZMM_FM_GET_ZBCDH</FUNCNAME>
     <SHORT_TEXT>非生产产领料申请号</SHORT_TEXT>
     <IMPORT>
      <RSIMP>
       <PARAMETER>I_ZYDAT</PARAMETER>
       <REFERENCE>X</REFERENCE>
       <TYP>ZMME_ZYDAT</TYP>
      </RSIMP>
     </IMPORT>
     <EXPORT>
      <RSEXP>
       <PARAMETER>E_ZLLDH</PARAMETER>
       <REFERENCE>X</REFERENCE>
       <TYP>ZMME_ZLLDH</TYP>
      </RSEXP>
     </EXPORT>
     <DOCUMENTATION>
      <RSFDO>
       <PARAMETER>I_ZYDAT</PARAMETER>
       <KIND>P</KIND>
       <STEXT>没有更多的定义范围, 可以使用插入级</STEXT>
      </RSFDO>
      <RSFDO>
       <PARAMETER>E_ZLLDH</PARAMETER>
       <KIND>P</KIND>
       <STEXT>配额协议号</STEXT>
      </RSFDO>
     </DOCUMENTATION>
    </item>
    <item>
     <FUNCNAME>ZMM_FM_GET_ZFLDH</FUNCNAME>
     <SHORT_TEXT>非生产产领料申请号</SHORT_TEXT>
     <IMPORT>
      <RSIMP>
       <PARAMETER>I_ZYDAT</PARAMETER>
       <REFERENCE>X</REFERENCE>
       <TYP>ZMME_ZYDAT</TYP>
      </RSIMP>
     </IMPORT>
     <EXPORT>
      <RSEXP>
       <PARAMETER>E_ZLLDH</PARAMETER>
       <REFERENCE>X</REFERENCE>
       <TYP>ZMME_ZLLDH</TYP>
      </RSEXP>
     </EXPORT>
     <DOCUMENTATION>
      <RSFDO>
       <PARAMETER>I_ZYDAT</PARAMETER>
       <KIND>P</KIND>
       <STEXT>没有更多的定义范围, 可以使用插入级</STEXT>
      </RSFDO>
      <RSFDO>
       <PARAMETER>E_ZLLDH</PARAMETER>
       <KIND>P</KIND>
       <STEXT>配额协议号</STEXT>
      </RSFDO>
     </DOCUMENTATION>
    </item>
    <item>
     <FUNCNAME>ZMM_FM_GET_ZLLDH</FUNCNAME>
     <SHORT_TEXT>领料申请号</SHORT_TEXT>
     <IMPORT>
      <RSIMP>
       <PARAMETER>I_ZYDAT</PARAMETER>
       <REFERENCE>X</REFERENCE>
       <TYP>ZMME_ZYDAT</TYP>
      </RSIMP>
     </IMPORT>
     <EXPORT>
      <RSEXP>
       <PARAMETER>E_ZLLDH</PARAMETER>
       <REFERENCE>X</REFERENCE>
       <TYP>ZMME_ZLLDH1</TYP>
      </RSEXP>
     </EXPORT>
     <DOCUMENTATION>
      <RSFDO>
       <PARAMETER>I_ZYDAT</PARAMETER>
       <KIND>P</KIND>
       <STEXT>没有更多的定义范围, 可以使用插入级</STEXT>
      </RSFDO>
      <RSFDO>
       <PARAMETER>E_ZLLDH</PARAMETER>
       <KIND>P</KIND>
       <STEXT>配额协议号</STEXT>
      </RSFDO>
     </DOCUMENTATION>
    </item>
   </FUNCTIONS>
  </asx:values>
 </asx:abap>
</abapGit>
