﻿<?xml version="1.0" encoding="utf-8"?>
<abapGit version="v1.0.0" serializer="LCL_OBJECT_ENHO" serializer_version="v1.0.0">
 <asx:abap xmlns:asx="http://www.sap.com/abapxml" version="1.0">
  <asx:values>
   <TOOL>BADI_IMPL</TOOL>
   <SHORTTEXT>采购订单增强</SHORTTEXT>
   <SPOT_NAME>ME_PROCESS_PO_CUST</SPOT_NAME>
   <IMPL>
    <ENH_BADI_IMPL_DATA>
     <SPOT_NAME>ME_PROCESS_PO_CUST</SPOT_NAME>
     <BADI_NAME>ME_PROCESS_PO_CUST</BADI_NAME>
     <IMPL_NAME>ZME_PROCESS_PO_CUST</IMPL_NAME>
     <IMPL_CLASS>ZCL_IM_ME_PROCESS_PO_CUST</IMPL_CLASS>
     <ACTIVE>X</ACTIVE>
     <IMPL_SHORTTEXT>采购订单处理增强：客户</IMPL_SHORTTEXT>
     <IMPL_SHORTTEXT_ID>00505682F3881ED8A3FC350C1A52F104</IMPL_SHORTTEXT_ID>
     <MIG_BADI_IMPL>ZME_PROCESS_PO_CUST</MIG_BADI_IMPL>
    </ENH_BADI_IMPL_DATA>
   </IMPL>
   <SOTR>
    <item>
     <HEADER>
      <CONCEPT>00505682F3881ED8A3FC2B8CB4C7D100</CONCEPT>
      <CREA_LAN>1</CREA_LAN>
      <TRALA_TYPE>1</TRALA_TYPE>
      <OBJID_VEC>AAI=</OBJID_VEC>
     </HEADER>
     <ENTRIES>
      <SOTR_TEXT>
       <CONCEPT>00505682F3881ED8A3FC2B8CB4C7D100</CONCEPT>
       <LANGU>1</LANGU>
       <LFD_NUM>0001</LFD_NUM>
       <FLAG_CNTXT>X</FLAG_CNTXT>
       <STATUS>R</STATUS>
       <LENGTH>016</LENGTH>
       <TEXT>采购订单增强</TEXT>
      </SOTR_TEXT>
     </ENTRIES>
    </item>
    <item>
     <HEADER>
      <CONCEPT>00505682F3881ED8A3FC350C1A52F104</CONCEPT>
      <CREA_LAN>1</CREA_LAN>
      <TRALA_TYPE>1</TRALA_TYPE>
      <OBJID_VEC>AAI=</OBJID_VEC>
     </HEADER>
     <ENTRIES>
      <SOTR_TEXT>
       <CONCEPT>00505682F3881ED8A3FC350C1A52F104</CONCEPT>
       <LANGU>1</LANGU>
       <LFD_NUM>0001</LFD_NUM>
       <FLAG_CNTXT>X</FLAG_CNTXT>
       <STATUS>R</STATUS>
       <LENGTH>021</LENGTH>
       <TEXT>采购订单处理增强：客户</TEXT>
      </SOTR_TEXT>
     </ENTRIES>
    </item>
   </SOTR>
   <SOTR_USE>
    <SOTR_USE>
     <PGMID>R3TR</PGMID>
     <OBJECT>ENHO</OBJECT>
     <OBJ_NAME>ZMM_ME_PROCESS_PO_CUST</OBJ_NAME>
     <CONCEPT>00505682F3881ED8A3FC2B8CB4C7D100</CONCEPT>
     <LFD_NUM>0001</LFD_NUM>
    </SOTR_USE>
    <SOTR_USE>
     <PGMID>R3TR</PGMID>
     <OBJECT>ENHO</OBJECT>
     <OBJ_NAME>ZMM_ME_PROCESS_PO_CUST</OBJ_NAME>
     <CONCEPT>00505682F3881ED8A3FC350C1A52F104</CONCEPT>
     <LFD_NUM>0001</LFD_NUM>
    </SOTR_USE>
   </SOTR_USE>
  </asx:values>
 </asx:abap>
</abapGit>
