﻿<?xml version="1.0" encoding="utf-8"?>
<abapGit version="v1.0.0">
 <asx:abap xmlns:asx="http://www.sap.com/abapxml" version="1.0">
  <asx:values>
   <PROGDIR>
    <NAME>LMGMMXVA</NAME>
    <CLAS>MMBC</CLAS>
    <SUBC>I</SUBC>
    <APPL>M</APPL>
    <RSTAT>P</RSTAT>
    <RLOAD>D</RLOAD>
   </PROGDIR>
   <TPOOL>
    <item>
     <ID>R</ID>
     <ENTRY>固定值：直到所包含的所有个体的值被定义，否则仅仅是暂时的</ENTRY>
     <LENGTH>56</LENGTH>
    </item>
   </TPOOL>
  </asx:values>
 </asx:abap>
</abapGit>
