﻿<?xml version="1.0" encoding="utf-8"?>
<abapGit version="v1.0.0" serializer="LCL_OBJECT_DOMA" serializer_version="v1.0.0">
 <asx:abap xmlns:asx="http://www.sap.com/abapxml" version="1.0">
  <asx:values>
   <DD01V>
    <DOMNAME>ZMMD_ZLLLX</DOMNAME>
    <DDLANGUAGE>1</DDLANGUAGE>
    <DATATYPE>CHAR</DATATYPE>
    <LENG>000003</LENG>
    <OUTPUTLEN>000003</OUTPUTLEN>
    <VALEXI>X</VALEXI>
    <DDTEXT>领料类型</DDTEXT>
   </DD01V>
   <DD07V_TAB>
    <DD07V>
     <DOMNAME>ZMMD_ZLLLX</DOMNAME>
     <VALPOS>0001</VALPOS>
     <DDLANGUAGE>1</DDLANGUAGE>
     <DOMVALUE_L>A01</DOMVALUE_L>
     <DDTEXT>内部订单领料</DDTEXT>
    </DD07V>
    <DD07V>
     <DOMNAME>ZMMD_ZLLLX</DOMNAME>
     <VALPOS>0002</VALPOS>
     <DDLANGUAGE>1</DDLANGUAGE>
     <DOMVALUE_L>A02</DOMVALUE_L>
     <DDTEXT>成本中心领料</DDTEXT>
    </DD07V>
    <DD07V>
     <DOMNAME>ZMMD_ZLLLX</DOMNAME>
     <VALPOS>0003</VALPOS>
     <DDLANGUAGE>1</DDLANGUAGE>
     <DOMVALUE_L>A03</DOMVALUE_L>
     <DDTEXT>调拨单(一步同工厂)</DDTEXT>
    </DD07V>
    <DD07V>
     <DOMNAME>ZMMD_ZLLLX</DOMNAME>
     <VALPOS>0004</VALPOS>
     <DDLANGUAGE>1</DDLANGUAGE>
     <DOMVALUE_L>A04</DOMVALUE_L>
     <DDTEXT>调拨单(两步跨工厂)</DDTEXT>
    </DD07V>
   </DD07V_TAB>
  </asx:values>
 </asx:abap>
</abapGit>
