﻿<?xml version="1.0" encoding="utf-8"?>
<abapGit version="v1.0.0" serializer="LCL_OBJECT_DTEL" serializer_version="v1.0.0">
 <asx:abap xmlns:asx="http://www.sap.com/abapxml" version="1.0">
  <asx:values>
   <DD04V>
    <ROLLNAME>ZMME_ZLLXH</ROLLNAME>
    <DDLANGUAGE>1</DDLANGUAGE>
    <DOMNAME>NUMC4</DOMNAME>
    <HEADLEN>20</HEADLEN>
    <SCRLEN1>05</SCRLEN1>
    <SCRLEN2>10</SCRLEN2>
    <SCRLEN3>15</SCRLEN3>
    <DDTEXT>领料单行项目号</DDTEXT>
    <REPTEXT>行项目号</REPTEXT>
    <SCRTEXT_S>行项目号</SCRTEXT_S>
    <SCRTEXT_M>行项目号</SCRTEXT_M>
    <SCRTEXT_L>行项目号</SCRTEXT_L>
    <DTELMASTER>1</DTELMASTER>
    <REFKIND>D</REFKIND>
   </DD04V>
  </asx:values>
 </asx:abap>
</abapGit>
