﻿<?xml version="1.0" encoding="utf-8"?>
<abapGit version="v1.0.0" serializer="LCL_OBJECT_DTEL" serializer_version="v1.0.0">
 <asx:abap xmlns:asx="http://www.sap.com/abapxml" version="1.0">
  <asx:values>
   <DD04V>
    <ROLLNAME>ZMME_ZLLDH1</ROLLNAME>
    <DDLANGUAGE>1</DDLANGUAGE>
    <DOMNAME>TEXT12</DOMNAME>
    <HEADLEN>15</HEADLEN>
    <SCRLEN1>06</SCRLEN1>
    <SCRLEN2>10</SCRLEN2>
    <SCRLEN3>15</SCRLEN3>
    <DDTEXT>领料单号</DDTEXT>
    <REPTEXT>领料单号</REPTEXT>
    <SCRTEXT_S>领料单号</SCRTEXT_S>
    <SCRTEXT_M>领料单号</SCRTEXT_M>
    <SCRTEXT_L>领料单号</SCRTEXT_L>
    <DTELMASTER>1</DTELMASTER>
    <REFKIND>D</REFKIND>
   </DD04V>
  </asx:values>
 </asx:abap>
</abapGit>
