﻿<?xml version="1.0" encoding="utf-8"?>
<abapGit version="v1.0.0" serializer="LCL_OBJECT_ENHO" serializer_version="v1.0.0">
 <asx:abap xmlns:asx="http://www.sap.com/abapxml" version="1.0">
  <asx:values>
   <TOOL>HOOK_IMPL</TOOL>
   <SHORTTEXT>MB51字段增强</SHORTTEXT>
   <ORIGINAL_OBJECT>
    <PGMID>R3TR</PGMID>
    <ORG_OBJ_TYPE>PROG</ORG_OBJ_TYPE>
    <ORG_OBJ_NAME>RM07DOCS</ORG_OBJ_NAME>
    <ORG_MAIN_TYPE>PROG</ORG_MAIN_TYPE>
    <ORG_MAIN_NAME>RM07DOCS</ORG_MAIN_NAME>
    <PROGRAMNAME>RM07DOCS</PROGRAMNAME>
   </ORIGINAL_OBJECT>
   <ENHANCEMENTS>
    <ENH_HOOK_IMPL>
     <PROGRAMNAME>RM07DOCS</PROGRAMNAME>
     <ENHMODE>D</ENHMODE>
     <FULL_NAME>\PR:RM07DOCS\FO:BUILD_FIELDCATALOG\SE:END\EI</FULL_NAME>
     <SOURCE>
      <item>*  CLEAR                  fc_flat.</item>
      <item>*    fc_flat-tabname = &apos;LIST&apos;.</item>
      <item>*    fc_flat-fieldname = &apos;ZINUNIQUENO&apos;.</item>
      <item>*    fc_flat-ref_tabname = &apos;MATDOC&apos;.</item>
      <item>*    fc_flat-ref_fieldname = &apos;ZINUNIQUENO&apos;.</item>
      <item>*  APPEND : fc_flat.</item>
      <item>*  CLEAR                  fc_flat.</item>
      <item>*    fc_flat-tabname = &apos;LIST&apos;.</item>
      <item>*    fc_flat-fieldname = &apos;ZMBLNR_WMS&apos;.</item>
      <item>*    fc_flat-ref_tabname = &apos;MATDOC&apos;.</item>
      <item>*    fc_flat-ref_fieldname = &apos;ZMBLNR_WMS&apos;.</item>
      <item>*  APPEND : fc_flat.</item>
      <item>*  CLEAR                  fc_flat.</item>
      <item>*    fc_flat-tabname = &apos;LIST&apos;.</item>
      <item>*    fc_flat-fieldname = &apos;ZASN&apos;.</item>
      <item>*    fc_flat-ref_tabname = &apos;MATDOC&apos;.</item>
      <item>*    fc_flat-ref_fieldname = &apos;ZASN&apos;.</item>
      <item>*  APPEND : fc_flat.</item>
      <item>*  CLEAR                  fc_flat.</item>
      <item>*    fc_flat-tabname = &apos;LIST&apos;.</item>
      <item>*    fc_flat-fieldname = &apos;ZLLDH&apos;.</item>
      <item>*    fc_flat-ref_tabname = &apos;MATDOC&apos;.</item>
      <item>*    fc_flat-ref_fieldname = &apos;ZLLDH&apos;.</item>
      <item>*  APPEND : fc_flat.</item>
      <item>*  CLEAR                  fc_flat.</item>
      <item>*    fc_flat-tabname = &apos;LIST&apos;.</item>
      <item>*    fc_flat-fieldname = &apos;ZLLXH&apos;.</item>
      <item>*    fc_flat-ref_tabname = &apos;MATDOC&apos;.</item>
      <item>*    fc_flat-ref_fieldname = &apos;ZLLXH&apos;.</item>
      <item>*  APPEND : fc_flat.</item>
      <item/>
     </SOURCE>
    </ENH_HOOK_IMPL>
    <ENH_HOOK_IMPL>
     <PROGRAMNAME>RM07DOCS</PROGRAMNAME>
     <ENHMODE>D</ENHMODE>
     <FULL_NAME>\PR:RM07DOCS\FO:DETAIL_LIST\SE:BEGIN\EI</FULL_NAME>
     <SOURCE>
      <item>*LOOP AT LIST.</item>
      <item>*   SELECT SINGLE ZINUNIQUENO,ZMBLNR_WMS,ZASN,ZLLDH,ZLLXH INTO CORRESPONDING FIELDS OF @LIST</item>
      <item>*     FROM MATDOC</item>
      <item>*     WHERE MBLNR = @list-mblnr and mjahr = @list-mjahr and zeile = @list-zeile.</item>
      <item>*   modify list.</item>
      <item>* ENDloop..</item>
     </SOURCE>
    </ENH_HOOK_IMPL>
   </ENHANCEMENTS>
   <SOTR>
    <item>
     <HEADER>
      <CONCEPT>00505682F3881EEB80931F32BC62ECDD</CONCEPT>
      <CREA_LAN>1</CREA_LAN>
      <TRALA_TYPE>1</TRALA_TYPE>
      <OBJID_VEC>AAI=</OBJID_VEC>
     </HEADER>
     <ENTRIES>
      <SOTR_TEXT>
       <CONCEPT>00505682F3881EEB80931F32BC62ECDD</CONCEPT>
       <LANGU>1</LANGU>
       <LFD_NUM>0001</LFD_NUM>
       <FLAG_CNTXT>X</FLAG_CNTXT>
       <STATUS>R</STATUS>
       <LENGTH>018</LENGTH>
       <TEXT>MB51字段增强</TEXT>
      </SOTR_TEXT>
     </ENTRIES>
    </item>
   </SOTR>
   <SOTR_USE>
    <SOTR_USE>
     <PGMID>R3TR</PGMID>
     <OBJECT>ENHO</OBJECT>
     <OBJ_NAME>ZMME010</OBJ_NAME>
     <CONCEPT>00505682F3881EEB80931F32BC62ECDD</CONCEPT>
     <LFD_NUM>0001</LFD_NUM>
    </SOTR_USE>
   </SOTR_USE>
  </asx:values>
 </asx:abap>
</abapGit>
