﻿<?xml version="1.0" encoding="utf-8"?>
<abapGit version="v1.0.0" serializer="LCL_OBJECT_DTEL" serializer_version="v1.0.0">
 <asx:abap xmlns:asx="http://www.sap.com/abapxml" version="1.0">
  <asx:values>
   <DD04V>
    <ROLLNAME>ZSRM_TAX</ROLLNAME>
    <DDLANGUAGE>1</DDLANGUAGE>
    <HEADLEN>14</HEADLEN>
    <SCRLEN1>10</SCRLEN1>
    <SCRLEN2>20</SCRLEN2>
    <SCRLEN3>40</SCRLEN3>
    <DDTEXT>税额</DDTEXT>
    <REPTEXT>税额</REPTEXT>
    <SCRTEXT_S>税额</SCRTEXT_S>
    <SCRTEXT_M>税额</SCRTEXT_M>
    <SCRTEXT_L>税额</SCRTEXT_L>
    <DTELMASTER>1</DTELMASTER>
    <DATATYPE>CURR</DATATYPE>
    <LENG>000014</LENG>
    <DECIMALS>000005</DECIMALS>
    <OUTPUTLEN>000017</OUTPUTLEN>
   </DD04V>
  </asx:values>
 </asx:abap>
</abapGit>
