﻿<?xml version="1.0" encoding="utf-8"?>
<abapGit version="v1.0.0" serializer="LCL_OBJECT_FUGR" serializer_version="v1.0.0">
 <asx:abap xmlns:asx="http://www.sap.com/abapxml" version="1.0">
  <asx:values>
   <AREAT>模板 - 推送数据</AREAT>
   <INCLUDES>
    <SOBJ_NAME>LZRFC_ISCXXSTOP</SOBJ_NAME>
    <SOBJ_NAME>SAPLZRFC_ISCXXS</SOBJ_NAME>
   </INCLUDES>
   <FUNCTIONS>
    <item>
     <FUNCNAME>ZRFC_ISCXXS</FUNCNAME>
     <SHORT_TEXT>模板：推送模块</SHORT_TEXT>
     <IMPORT>
      <RSIMP>
       <PARAMETER>IS_REQ</PARAMETER>
       <REFERENCE>X</REFERENCE>
       <TYP>ZRFC_ISCXXS_REQ</TYP>
      </RSIMP>
      <RSIMP>
       <PARAMETER>IV_UUID</PARAMETER>
       <OPTIONAL>X</OPTIONAL>
       <REFERENCE>X</REFERENCE>
       <TYP>SYSUUID_C32</TYP>
      </RSIMP>
     </IMPORT>
     <EXPORT>
      <RSEXP>
       <PARAMETER>ES_RES</PARAMETER>
       <REFERENCE>X</REFERENCE>
       <TYP>ZRFC_ISCXXS_RES</TYP>
      </RSEXP>
      <RSEXP>
       <PARAMETER>ES_RETURN</PARAMETER>
       <REFERENCE>X</REFERENCE>
       <TYP>ZRFC_RETURN</TYP>
      </RSEXP>
     </EXPORT>
     <DOCUMENTATION>
      <RSFDO>
       <PARAMETER>IS_REQ</PARAMETER>
       <KIND>P</KIND>
       <STEXT>模板 - 推送数据请求</STEXT>
      </RSFDO>
      <RSFDO>
       <PARAMETER>IV_UUID</PARAMETER>
       <KIND>P</KIND>
       <STEXT>UUID(仅用于异常分析)</STEXT>
      </RSFDO>
      <RSFDO>
       <PARAMETER>ES_RES</PARAMETER>
       <KIND>P</KIND>
       <STEXT>模板 - 推送数据响应</STEXT>
      </RSFDO>
      <RSFDO>
       <PARAMETER>ES_RETURN</PARAMETER>
       <KIND>P</KIND>
       <STEXT>返回消息</STEXT>
      </RSFDO>
     </DOCUMENTATION>
    </item>
    <item>
     <FUNCNAME>ZRFC_ISCXXS_EXIT</FUNCNAME>
     <SHORT_TEXT>模板：实时推送(增强入口)</SHORT_TEXT>
     <IMPORT>
      <RSIMP>
       <PARAMETER>IS_TODO</PARAMETER>
       <OPTIONAL>X</OPTIONAL>
       <REFERENCE>X</REFERENCE>
       <TYP>TESTSTRUC</TYP>
      </RSIMP>
     </IMPORT>
     <DOCUMENTATION>
      <RSFDO>
       <PARAMETER>IS_TODO</PARAMETER>
       <KIND>P</KIND>
       <STEXT>按实际需要定义</STEXT>
      </RSFDO>
     </DOCUMENTATION>
    </item>
   </FUNCTIONS>
  </asx:values>
 </asx:abap>
</abapGit>
