﻿<?xml version="1.0" encoding="utf-8"?>
<abapGit version="v1.0.0" serializer="LCL_OBJECT_FUGR" serializer_version="v1.0.0">
 <asx:abap xmlns:asx="http://www.sap.com/abapxml" version="1.0">
  <asx:values>
   <AREAT>ISC 推送框架</AREAT>
   <INCLUDES>
    <SOBJ_NAME>LZRFC_ISCTOP</SOBJ_NAME>
    <SOBJ_NAME>SAPLZRFC_ISC</SOBJ_NAME>
   </INCLUDES>
   <FUNCTIONS>
    <item>
     <FUNCNAME>ZRFC_ISC_ASYNC_TASK</FUNCNAME>
     <SHORT_TEXT>创建异步推送任务</SHORT_TEXT>
     <IMPORT>
      <RSIMP>
       <PARAMETER>IV_ISC_NAME</PARAMETER>
       <REFERENCE>X</REFERENCE>
       <TYP>ZRFC_ISCNM</TYP>
      </RSIMP>
      <RSIMP>
       <PARAMETER>IV_ISC_PROG</PARAMETER>
       <REFERENCE>X</REFERENCE>
       <TYP>ZRFC_ISCPG</TYP>
      </RSIMP>
      <RSIMP>
       <PARAMETER>IV_RFC_TYPE</PARAMETER>
       <DEFAULT>&apos;tRFC&apos;</DEFAULT>
       <OPTIONAL>X</OPTIONAL>
       <REFERENCE>X</REFERENCE>
       <TYP>CHAR10</TYP>
      </RSIMP>
      <RSIMP>
       <PARAMETER>IV_TIMES</PARAMETER>
       <DEFAULT>10</DEFAULT>
       <OPTIONAL>X</OPTIONAL>
       <REFERENCE>X</REFERENCE>
       <TYP>INT4</TYP>
      </RSIMP>
     </IMPORT>
     <TABLES>
      <RSTBL>
       <PARAMETER>IT_RSPARAMS</PARAMETER>
       <DBSTRUCT>RSPARAMS</DBSTRUCT>
      </RSTBL>
     </TABLES>
     <DOCUMENTATION>
      <RSFDO>
       <PARAMETER>IV_ISC_NAME</PARAMETER>
       <KIND>P</KIND>
       <STEXT>服务消费名称</STEXT>
      </RSFDO>
      <RSFDO>
       <PARAMETER>IV_ISC_PROG</PARAMETER>
       <KIND>P</KIND>
       <STEXT>服务消费程序</STEXT>
      </RSFDO>
      <RSFDO>
       <PARAMETER>IV_RFC_TYPE</PARAMETER>
       <KIND>P</KIND>
       <STEXT>异步RFC类型</STEXT>
      </RSFDO>
      <RSFDO>
       <PARAMETER>IV_TIMES</PARAMETER>
       <KIND>P</KIND>
       <STEXT>轮询次数(待推送数据是否已写入DB)</STEXT>
      </RSFDO>
      <RSFDO>
       <PARAMETER>IT_RSPARAMS</PARAMETER>
       <KIND>P</KIND>
       <STEXT>ABAP: PARAMETERS 和 SELECT-OPTIONS 的通用结构</STEXT>
      </RSFDO>
     </DOCUMENTATION>
    </item>
    <item>
     <FUNCNAME>ZRFC_ISC_CALL_PUSH_PROG</FUNCNAME>
     <REMOTE_CALL>R</REMOTE_CALL>
     <SHORT_TEXT>(Internal Use)调用推送程序</SHORT_TEXT>
     <IMPORT>
      <RSIMP>
       <PARAMETER>IV_UUID</PARAMETER>
       <TYP>SYSUUID_C32</TYP>
      </RSIMP>
      <RSIMP>
       <PARAMETER>IV_TIMES</PARAMETER>
       <TYP>INT4</TYP>
      </RSIMP>
     </IMPORT>
     <DOCUMENTATION>
      <RSFDO>
       <PARAMETER>IV_UUID</PARAMETER>
       <KIND>P</KIND>
       <STEXT>UUID</STEXT>
      </RSFDO>
      <RSFDO>
       <PARAMETER>IV_TIMES</PARAMETER>
       <KIND>P</KIND>
       <STEXT>4 字节带符号整数</STEXT>
      </RSFDO>
     </DOCUMENTATION>
    </item>
    <item>
     <FUNCNAME>ZRFC_ISC_CB_UPDATE_LOCK</FUNCNAME>
     <SHORT_TEXT>(Internal Use)回调函数: 更新LOCK表</SHORT_TEXT>
     <IMPORT>
      <RSIMP>
       <PARAMETER>IV_UUID</PARAMETER>
       <REFERENCE>X</REFERENCE>
       <TYP>SYSUUID_C32</TYP>
      </RSIMP>
      <RSIMP>
       <PARAMETER>IV_MSGTY</PARAMETER>
       <REFERENCE>X</REFERENCE>
       <TYP>MSGTY</TYP>
      </RSIMP>
      <RSIMP>
       <PARAMETER>IV_MSGTX</PARAMETER>
       <REFERENCE>X</REFERENCE>
       <TYP>MSGTX</TYP>
      </RSIMP>
     </IMPORT>
     <DOCUMENTATION>
      <RSFDO>
       <PARAMETER>IV_UUID</PARAMETER>
       <KIND>P</KIND>
       <STEXT>16 Byte UUID in 32 Characters (Hexadecimal Encoded)</STEXT>
      </RSFDO>
      <RSFDO>
       <PARAMETER>IV_MSGTY</PARAMETER>
       <KIND>P</KIND>
       <STEXT>消息类型</STEXT>
      </RSFDO>
      <RSFDO>
       <PARAMETER>IV_MSGTX</PARAMETER>
       <KIND>P</KIND>
       <STEXT>消息文本</STEXT>
      </RSFDO>
     </DOCUMENTATION>
    </item>
   </FUNCTIONS>
  </asx:values>
 </asx:abap>
</abapGit>
