﻿<?xml version="1.0" encoding="utf-8"?>
<abapGit version="v1.0.0" serializer="LCL_OBJECT_FUGR" serializer_version="v1.0.0">
 <asx:abap xmlns:asx="http://www.sap.com/abapxml" version="1.0">
  <asx:values>
   <AREAT>加减乘除</AREAT>
   <INCLUDES>
    <SOBJ_NAME>LZFG002F01</SOBJ_NAME>
    <SOBJ_NAME>LZFG002TOP</SOBJ_NAME>
    <SOBJ_NAME>SAPLZFG002</SOBJ_NAME>
   </INCLUDES>
   <FUNCTIONS>
    <item>
     <FUNCNAME>ZFG002</FUNCNAME>
     <IMPORT>
      <RSIMP>
       <PARAMETER>IV_NUM1</PARAMETER>
       <REFERENCE>X</REFERENCE>
       <TYP>P</TYP>
      </RSIMP>
      <RSIMP>
       <PARAMETER>IV_NUM2</PARAMETER>
       <REFERENCE>X</REFERENCE>
       <TYP>P</TYP>
      </RSIMP>
      <RSIMP>
       <PARAMETER>IV_CODE</PARAMETER>
       <REFERENCE>X</REFERENCE>
       <TYP>C</TYP>
      </RSIMP>
     </IMPORT>
     <EXPORT>
      <RSEXP>
       <PARAMETER>EV_VALUE</PARAMETER>
       <REFERENCE>X</REFERENCE>
       <TYP>P</TYP>
      </RSEXP>
     </EXPORT>
     <EXCEPTION>
      <RSEXC>
       <EXCEPTION>NO_CODE</EXCEPTION>
      </RSEXC>
      <RSEXC>
       <EXCEPTION>ERROR_CODE</EXCEPTION>
      </RSEXC>
      <RSEXC>
       <EXCEPTION>ZERO_DIVISOR</EXCEPTION>
      </RSEXC>
     </EXCEPTION>
     <DOCUMENTATION>
      <RSFDO>
       <PARAMETER>IV_NUM1</PARAMETER>
       <KIND>P</KIND>
      </RSFDO>
      <RSFDO>
       <PARAMETER>IV_NUM2</PARAMETER>
       <KIND>P</KIND>
      </RSFDO>
      <RSFDO>
       <PARAMETER>IV_CODE</PARAMETER>
       <KIND>P</KIND>
      </RSFDO>
      <RSFDO>
       <PARAMETER>EV_VALUE</PARAMETER>
       <KIND>P</KIND>
      </RSFDO>
      <RSFDO>
       <PARAMETER>NO_CODE</PARAMETER>
       <KIND>X</KIND>
      </RSFDO>
      <RSFDO>
       <PARAMETER>ERROR_CODE</PARAMETER>
       <KIND>X</KIND>
      </RSFDO>
      <RSFDO>
       <PARAMETER>ZERO_DIVISOR</PARAMETER>
       <KIND>X</KIND>
      </RSFDO>
     </DOCUMENTATION>
    </item>
   </FUNCTIONS>
  </asx:values>
 </asx:abap>
</abapGit>
