﻿<?xml version="1.0" encoding="utf-8"?>
<abapGit version="v1.0.0" serializer="LCL_OBJECT_FUGR" serializer_version="v1.0.0">
 <asx:abap xmlns:asx="http://www.sap.com/abapxml" version="1.0">
  <asx:values>
   <AREAT>物料查询</AREAT>
   <INCLUDES>
    <SOBJ_NAME>LZFG001TOP</SOBJ_NAME>
    <SOBJ_NAME>SAPLZFG001</SOBJ_NAME>
   </INCLUDES>
   <FUNCTIONS>
    <item>
     <FUNCNAME>ZFG001</FUNCNAME>
     <REMOTE_CALL>R</REMOTE_CALL>
     <TABLES>
      <RSTBL>
       <PARAMETER>IT_TAB</PARAMETER>
       <DBSTRUCT>ZMM_001</DBSTRUCT>
       <OPTIONAL>X</OPTIONAL>
      </RSTBL>
      <RSTBL>
       <PARAMETER>ET_TAB</PARAMETER>
       <DBSTRUCT>ZMM_001</DBSTRUCT>
       <OPTIONAL>X</OPTIONAL>
      </RSTBL>
     </TABLES>
     <DOCUMENTATION>
      <RSFDO>
       <PARAMETER>IT_TAB</PARAMETER>
       <KIND>P</KIND>
      </RSFDO>
      <RSFDO>
       <PARAMETER>ET_TAB</PARAMETER>
       <KIND>P</KIND>
      </RSFDO>
     </DOCUMENTATION>
    </item>
   </FUNCTIONS>
  </asx:values>
 </asx:abap>
</abapGit>
