﻿<?xml version="1.0" encoding="utf-8"?>
<abapGit version="v1.0.0" serializer="LCL_OBJECT_TABL" serializer_version="v1.0.0">
 <asx:abap xmlns:asx="http://www.sap.com/abapxml" version="1.0">
  <asx:values>
   <DD02V>
    <TABNAME>ZMM_001</TABNAME>
    <DDLANGUAGE>1</DDLANGUAGE>
    <TABCLASS>INTTAB</TABCLASS>
    <DDTEXT>物料查询</DDTEXT>
   </DD02V>
   <DD03P_TABLE>
    <DD03P>
     <FIELDNAME>MATNR</FIELDNAME>
     <ROLLNAME>MATNR</ROLLNAME>
     <ADMINFIELD>0</ADMINFIELD>
     <SHLPORIGIN>D</SHLPORIGIN>
     <COMPTYPE>E</COMPTYPE>
    </DD03P>
    <DD03P>
     <FIELDNAME>MAKTX</FIELDNAME>
     <ROLLNAME>MAKTX</ROLLNAME>
     <ADMINFIELD>0</ADMINFIELD>
     <COMPTYPE>E</COMPTYPE>
    </DD03P>
    <DD03P>
     <FIELDNAME>MEINS</FIELDNAME>
     <ROLLNAME>MEINS</ROLLNAME>
     <ADMINFIELD>0</ADMINFIELD>
     <COMPTYPE>E</COMPTYPE>
    </DD03P>
    <DD03P>
     <FIELDNAME>WERKS</FIELDNAME>
     <ROLLNAME>WERKS_D</ROLLNAME>
     <ADMINFIELD>0</ADMINFIELD>
     <SHLPORIGIN>D</SHLPORIGIN>
     <COMPTYPE>E</COMPTYPE>
    </DD03P>
    <DD03P>
     <FIELDNAME>LABST</FIELDNAME>
     <ROLLNAME>LABST</ROLLNAME>
     <ADMINFIELD>0</ADMINFIELD>
     <REFTABLE>ZMM_001</REFTABLE>
     <REFFIELD>MEINS</REFFIELD>
     <COMPTYPE>E</COMPTYPE>
    </DD03P>
   </DD03P_TABLE>
  </asx:values>
 </asx:abap>
</abapGit>
