﻿<?xml version="1.0" encoding="utf-8"?>
<abapGit version="v1.0.0" serializer="LCL_OBJECT_FUGR" serializer_version="v1.0.0">
 <asx:abap xmlns:asx="http://www.sap.com/abapxml" version="1.0">
  <asx:values>
   <AREAT>供应商主数据创建/修改</AREAT>
   <INCLUDES>
    <SOBJ_NAME>LZOA_ISPM31F01</SOBJ_NAME>
    <SOBJ_NAME>LZOA_ISPM31TOP</SOBJ_NAME>
    <SOBJ_NAME>SAPLZOA_ISPM31</SOBJ_NAME>
   </INCLUDES>
   <FUNCTIONS>
    <item>
     <FUNCNAME>ZOA_ISPM31</FUNCNAME>
     <REMOTE_CALL>R</REMOTE_CALL>
     <IMPORT>
      <RSIMP>
       <PARAMETER>IS_HEAD</PARAMETER>
       <TYP>ZOA_ISPM31_HEAD</TYP>
      </RSIMP>
     </IMPORT>
     <EXPORT>
      <RSEXP>
       <PARAMETER>ES_RETURN</PARAMETER>
       <TYP>ZRFC_RETURN</TYP>
      </RSEXP>
     </EXPORT>
     <TABLES>
      <RSTBL>
       <PARAMETER>IT_COMPANY</PARAMETER>
       <DBSTRUCT>ZOA_ISPM31_COMPANY</DBSTRUCT>
      </RSTBL>
      <RSTBL>
       <PARAMETER>IT_PURCHASE</PARAMETER>
       <DBSTRUCT>ZOA_ISPM31_PURCHASE</DBSTRUCT>
      </RSTBL>
      <RSTBL>
       <PARAMETER>IT_BANK</PARAMETER>
       <DBSTRUCT>ZOA_ISPM31_BANK</DBSTRUCT>
      </RSTBL>
      <RSTBL>
       <PARAMETER>IT_CONTACT</PARAMETER>
       <DBSTRUCT>ZOA_ISPM31_CONTACT</DBSTRUCT>
      </RSTBL>
     </TABLES>
     <DOCUMENTATION>
      <RSFDO>
       <PARAMETER>IS_HEAD</PARAMETER>
       <KIND>P</KIND>
      </RSFDO>
      <RSFDO>
       <PARAMETER>ES_RETURN</PARAMETER>
       <KIND>P</KIND>
      </RSFDO>
      <RSFDO>
       <PARAMETER>IT_COMPANY</PARAMETER>
       <KIND>P</KIND>
      </RSFDO>
      <RSFDO>
       <PARAMETER>IT_PURCHASE</PARAMETER>
       <KIND>P</KIND>
      </RSFDO>
      <RSFDO>
       <PARAMETER>IT_BANK</PARAMETER>
       <KIND>P</KIND>
      </RSFDO>
      <RSFDO>
       <PARAMETER>IT_CONTACT</PARAMETER>
       <KIND>P</KIND>
      </RSFDO>
     </DOCUMENTATION>
    </item>
   </FUNCTIONS>
  </asx:values>
 </asx:abap>
</abapGit>
