﻿<?xml version="1.0" encoding="utf-8"?>
<abapGit version="v1.0.0" serializer="LCL_OBJECT_FUGR" serializer_version="v1.0.0">
 <asx:abap xmlns:asx="http://www.sap.com/abapxml" version="1.0">
  <asx:values>
   <AREAT>保存文本</AREAT>
   <INCLUDES>
    <SOBJ_NAME>LZSAVE_TEXTTOP</SOBJ_NAME>
    <SOBJ_NAME>SAPLZSAVE_TEXT</SOBJ_NAME>
   </INCLUDES>
   <FUNCTIONS>
    <item>
     <FUNCNAME>ZSAVE_TEXT</FUNCNAME>
     <REMOTE_CALL>R</REMOTE_CALL>
     <IMPORT>
      <RSIMP>
       <PARAMETER>IV_TDOBJECT</PARAMETER>
       <TYP>THEAD-TDOBJECT</TYP>
      </RSIMP>
      <RSIMP>
       <PARAMETER>IV_TDNAME</PARAMETER>
       <TYP>THEAD-TDNAME</TYP>
      </RSIMP>
      <RSIMP>
       <PARAMETER>IV_TDID</PARAMETER>
       <TYP>THEAD-TDID</TYP>
      </RSIMP>
      <RSIMP>
       <PARAMETER>IV_TEXT</PARAMETER>
       <TYP>STRING</TYP>
      </RSIMP>
     </IMPORT>
     <DOCUMENTATION>
      <RSFDO>
       <PARAMETER>IV_TDOBJECT</PARAMETER>
       <KIND>P</KIND>
      </RSFDO>
      <RSFDO>
       <PARAMETER>IV_TDNAME</PARAMETER>
       <KIND>P</KIND>
      </RSFDO>
      <RSFDO>
       <PARAMETER>IV_TDID</PARAMETER>
       <KIND>P</KIND>
      </RSFDO>
      <RSFDO>
       <PARAMETER>IV_TEXT</PARAMETER>
       <KIND>P</KIND>
      </RSFDO>
     </DOCUMENTATION>
    </item>
   </FUNCTIONS>
  </asx:values>
 </asx:abap>
</abapGit>
