﻿<?xml version="1.0" encoding="utf-8"?>
<abapGit version="v1.0.0" serializer="LCL_OBJECT_DTEL" serializer_version="v1.0.0">
 <asx:abap xmlns:asx="http://www.sap.com/abapxml" version="1.0">
  <asx:values>
   <DD04V>
    <ROLLNAME>ZTNAME</ROLLNAME>
    <DDLANGUAGE>1</DDLANGUAGE>
    <HEADLEN>10</HEADLEN>
    <SCRLEN1>10</SCRLEN1>
    <SCRLEN2>15</SCRLEN2>
    <SCRLEN3>20</SCRLEN3>
    <DDTEXT>姓名</DDTEXT>
    <REPTEXT>姓名</REPTEXT>
    <SCRTEXT_S>姓名</SCRTEXT_S>
    <SCRTEXT_M>姓名</SCRTEXT_M>
    <SCRTEXT_L>姓名</SCRTEXT_L>
    <DTELMASTER>1</DTELMASTER>
    <DATATYPE>CHAR</DATATYPE>
    <LENG>000020</LENG>
    <OUTPUTLEN>000020</OUTPUTLEN>
   </DD04V>
  </asx:values>
 </asx:abap>
</abapGit>
