﻿<?xml version="1.0" encoding="utf-8"?>
<abapGit version="v1.0.0" serializer="LCL_OBJECT_DTEL" serializer_version="v1.0.0">
 <asx:abap xmlns:asx="http://www.sap.com/abapxml" version="1.0">
  <asx:values>
   <DD04V>
    <ROLLNAME>ZE_LENGTH_FACT</ROLLNAME>
    <HEADLEN>17</HEADLEN>
    <SCRLEN1>10</SCRLEN1>
    <SCRLEN2>20</SCRLEN2>
    <SCRLEN3>40</SCRLEN3>
    <DTELMASTER>1</DTELMASTER>
    <DATATYPE>QUAN</DATATYPE>
    <LENG>000013</LENG>
    <DECIMALS>000003</DECIMALS>
    <OUTPUTLEN>000017</OUTPUTLEN>
   </DD04V>
   <I18N_LANGS>
    <LANGU>1</LANGU>
   </I18N_LANGS>
   <DD04_TEXTS>
    <item>
     <DDLANGUAGE>1</DDLANGUAGE>
     <DDTEXT>长度(板料)(mm)</DDTEXT>
     <REPTEXT>长度(板料)(mm)</REPTEXT>
     <SCRTEXT_S>长度(板料)(mm)</SCRTEXT_S>
     <SCRTEXT_M>长度(板料)(mm)</SCRTEXT_M>
     <SCRTEXT_L>长度(板料)(mm)</SCRTEXT_L>
    </item>
   </DD04_TEXTS>
  </asx:values>
 </asx:abap>
</abapGit>
