﻿<?xml version="1.0" encoding="utf-8"?>
<abapGit version="v1.0.0" serializer="LCL_OBJECT_DTEL" serializer_version="v1.0.0">
 <asx:abap xmlns:asx="http://www.sap.com/abapxml" version="1.0">
  <asx:values>
   <DD04V>
    <ROLLNAME>ZSEX</ROLLNAME>
    <DOMNAME>ZSEX_04</DOMNAME>
    <HEADLEN>10</HEADLEN>
    <SCRLEN1>09</SCRLEN1>
    <SCRLEN2>10</SCRLEN2>
    <SCRLEN3>12</SCRLEN3>
    <DTELMASTER>1</DTELMASTER>
    <REFKIND>D</REFKIND>
   </DD04V>
   <I18N_LANGS>
    <LANGU>1</LANGU>
   </I18N_LANGS>
   <DD04_TEXTS>
    <item>
     <DDLANGUAGE>1</DDLANGUAGE>
     <DDTEXT>教师性别</DDTEXT>
     <REPTEXT>教师性别</REPTEXT>
     <SCRTEXT_S>教师性别</SCRTEXT_S>
     <SCRTEXT_M>教师性别</SCRTEXT_M>
     <SCRTEXT_L>教师性别</SCRTEXT_L>
    </item>
   </DD04_TEXTS>
  </asx:values>
 </asx:abap>
</abapGit>
