﻿<?xml version="1.0" encoding="utf-8"?>
<abapGit version="v1.0.0" serializer="LCL_OBJECT_FUGR" serializer_version="v1.0.0">
 <asx:abap xmlns:asx="http://www.sap.com/abapxml" version="1.0">
  <asx:values>
   <INCLUDES>
    <SOBJ_NAME>LZTEST00TOP</SOBJ_NAME>
    <SOBJ_NAME>SAPLZTEST00</SOBJ_NAME>
   </INCLUDES>
   <FUNCTIONS>
    <item>
     <FUNCNAME>ZMM_TEST00</FUNCNAME>
     <REMOTE_CALL>R</REMOTE_CALL>
     <IMPORT>
      <RSIMP>
       <PARAMETER>I_MATNR</PARAMETER>
       <TYP>MATNR</TYP>
      </RSIMP>
      <RSIMP>
       <PARAMETER>I_WERKS</PARAMETER>
       <TYP>WERKS_D</TYP>
      </RSIMP>
      <RSIMP>
       <PARAMETER>T_IMPORT</PARAMETER>
       <TYP>ZTEST_IMPORT</TYP>
      </RSIMP>
     </IMPORT>
     <EXPORT>
      <RSEXP>
       <PARAMETER>O_TYPE</PARAMETER>
       <TYP>BAPI_MTYPE</TYP>
      </RSEXP>
      <RSEXP>
       <PARAMETER>O_MSG</PARAMETER>
       <TYP>BAPI_MSG</TYP>
      </RSEXP>
     </EXPORT>
     <TABLES>
      <RSTBL>
       <PARAMETER>T_MARA</PARAMETER>
       <DBSTRUCT>MCHB</DBSTRUCT>
      </RSTBL>
     </TABLES>
     <DOCUMENTATION>
      <RSFDO>
       <PARAMETER>I_MATNR</PARAMETER>
       <KIND>P</KIND>
      </RSFDO>
      <RSFDO>
       <PARAMETER>I_WERKS</PARAMETER>
       <KIND>P</KIND>
      </RSFDO>
      <RSFDO>
       <PARAMETER>T_IMPORT</PARAMETER>
       <KIND>P</KIND>
      </RSFDO>
      <RSFDO>
       <PARAMETER>O_TYPE</PARAMETER>
       <KIND>P</KIND>
      </RSFDO>
      <RSFDO>
       <PARAMETER>O_MSG</PARAMETER>
       <KIND>P</KIND>
      </RSFDO>
      <RSFDO>
       <PARAMETER>T_MARA</PARAMETER>
       <KIND>P</KIND>
      </RSFDO>
     </DOCUMENTATION>
    </item>
    <item>
     <FUNCNAME>ZMM_TEST01</FUNCNAME>
    </item>
    <item>
     <FUNCNAME>ZSAP_CONVERT_TO_CSV_FORMAT</FUNCNAME>
     <IMPORT>
      <RSIMP>
       <PARAMETER>I_FIELD_SEPERATOR</PARAMETER>
       <DEFAULT>&apos;;&apos;</DEFAULT>
       <OPTIONAL>X</OPTIONAL>
       <TYP>CHAR01</TYP>
      </RSIMP>
      <RSIMP>
       <PARAMETER>I_LINE_HEADER</PARAMETER>
       <OPTIONAL>X</OPTIONAL>
       <TYP>CHAR01</TYP>
      </RSIMP>
      <RSIMP>
       <PARAMETER>I_FILENAME</PARAMETER>
       <DBFIELD>RLGRAP-FILENAME</DBFIELD>
       <OPTIONAL>X</OPTIONAL>
      </RSIMP>
      <RSIMP>
       <PARAMETER>I_APPL_KEEP</PARAMETER>
       <DEFAULT>SPACE</DEFAULT>
       <OPTIONAL>X</OPTIONAL>
       <TYP>CHAR01</TYP>
      </RSIMP>
     </IMPORT>
     <CHANGING>
      <RSCHA>
       <PARAMETER>I_TAB_CONVERTED_DATA</PARAMETER>
       <REFERENCE>X</REFERENCE>
       <TYP>TRUXS_T_TEXT_DATA</TYP>
      </RSCHA>
     </CHANGING>
     <TABLES>
      <RSTBL>
       <PARAMETER>I_TAB_SAP_DATA</PARAMETER>
       <TYP>STANDARD TABLE</TYP>
      </RSTBL>
     </TABLES>
     <EXCEPTION>
      <RSEXC>
       <EXCEPTION>CONVERSION_FAILED</EXCEPTION>
      </RSEXC>
     </EXCEPTION>
     <DOCUMENTATION>
      <RSFDO>
       <PARAMETER>I_FIELD_SEPERATOR</PARAMETER>
       <KIND>P</KIND>
      </RSFDO>
      <RSFDO>
       <PARAMETER>I_LINE_HEADER</PARAMETER>
       <KIND>P</KIND>
      </RSFDO>
      <RSFDO>
       <PARAMETER>I_FILENAME</PARAMETER>
       <KIND>P</KIND>
      </RSFDO>
      <RSFDO>
       <PARAMETER>I_APPL_KEEP</PARAMETER>
       <KIND>P</KIND>
      </RSFDO>
      <RSFDO>
       <PARAMETER>I_TAB_SAP_DATA</PARAMETER>
       <KIND>P</KIND>
      </RSFDO>
      <RSFDO>
       <PARAMETER>I_TAB_CONVERTED_DATA</PARAMETER>
       <KIND>P</KIND>
      </RSFDO>
      <RSFDO>
       <PARAMETER>CONVERSION_FAILED</PARAMETER>
       <KIND>X</KIND>
      </RSFDO>
     </DOCUMENTATION>
    </item>
    <item>
     <FUNCNAME>ZSAP_CONVERT_TO_TEX_FORMAT</FUNCNAME>
     <IMPORT>
      <RSIMP>
       <PARAMETER>I_FIELD_SEPERATOR</PARAMETER>
       <TYP>CHAR01</TYP>
      </RSIMP>
      <RSIMP>
       <PARAMETER>I_LINE_HEADER</PARAMETER>
       <OPTIONAL>X</OPTIONAL>
       <TYP>CHAR01</TYP>
      </RSIMP>
      <RSIMP>
       <PARAMETER>I_FILENAME</PARAMETER>
       <DBFIELD>RLGRAP-FILENAME</DBFIELD>
       <OPTIONAL>X</OPTIONAL>
      </RSIMP>
      <RSIMP>
       <PARAMETER>I_APPL_KEEP</PARAMETER>
       <DEFAULT>SPACE</DEFAULT>
       <OPTIONAL>X</OPTIONAL>
       <TYP>CHAR01</TYP>
      </RSIMP>
      <RSIMP>
       <PARAMETER>I_STEP</PARAMETER>
       <DEFAULT>5</DEFAULT>
       <OPTIONAL>X</OPTIONAL>
       <TYP>I</TYP>
      </RSIMP>
     </IMPORT>
     <CHANGING>
      <RSCHA>
       <PARAMETER>I_TAB_CONVERTED_DATA</PARAMETER>
       <REFERENCE>X</REFERENCE>
       <TYP>TRUXS_T_TEXT_DATA</TYP>
      </RSCHA>
     </CHANGING>
     <TABLES>
      <RSTBL>
       <PARAMETER>I_TAB_SAP_DATA</PARAMETER>
       <TYP>STANDARD TABLE</TYP>
      </RSTBL>
     </TABLES>
     <EXCEPTION>
      <RSEXC>
       <EXCEPTION>CONVERSION_FAILED</EXCEPTION>
      </RSEXC>
     </EXCEPTION>
     <DOCUMENTATION>
      <RSFDO>
       <PARAMETER>I_FIELD_SEPERATOR</PARAMETER>
       <KIND>P</KIND>
      </RSFDO>
      <RSFDO>
       <PARAMETER>I_LINE_HEADER</PARAMETER>
       <KIND>P</KIND>
      </RSFDO>
      <RSFDO>
       <PARAMETER>I_FILENAME</PARAMETER>
       <KIND>P</KIND>
      </RSFDO>
      <RSFDO>
       <PARAMETER>I_APPL_KEEP</PARAMETER>
       <KIND>P</KIND>
      </RSFDO>
      <RSFDO>
       <PARAMETER>I_STEP</PARAMETER>
       <KIND>P</KIND>
      </RSFDO>
      <RSFDO>
       <PARAMETER>I_TAB_SAP_DATA</PARAMETER>
       <KIND>P</KIND>
      </RSFDO>
      <RSFDO>
       <PARAMETER>I_TAB_CONVERTED_DATA</PARAMETER>
       <KIND>P</KIND>
      </RSFDO>
      <RSFDO>
       <PARAMETER>CONVERSION_FAILED</PARAMETER>
       <KIND>X</KIND>
      </RSFDO>
     </DOCUMENTATION>
    </item>
    <item>
     <FUNCNAME>ZTY_FTP</FUNCNAME>
     <IMPORT>
      <RSIMP>
       <PARAMETER>I_ZINAME</PARAMETER>
       <REFERENCE>X</REFERENCE>
       <TYP>ZINAME</TYP>
      </RSIMP>
      <RSIMP>
       <PARAMETER>I_ZFILE</PARAMETER>
       <REFERENCE>X</REFERENCE>
       <TYP>ZFILE</TYP>
      </RSIMP>
      <RSIMP>
       <PARAMETER>I_ZTYPE</PARAMETER>
       <OPTIONAL>X</OPTIONAL>
       <REFERENCE>X</REFERENCE>
       <TYP>ZFILE</TYP>
      </RSIMP>
      <RSIMP>
       <PARAMETER>I_MOD</PARAMETER>
       <REFERENCE>X</REFERENCE>
       <TYP>CHAR1</TYP>
      </RSIMP>
      <RSIMP>
       <PARAMETER>I_BATCH</PARAMETER>
       <OPTIONAL>X</OPTIONAL>
       <REFERENCE>X</REFERENCE>
       <TYP>CHAR1</TYP>
      </RSIMP>
     </IMPORT>
     <TABLES>
      <RSTBL>
       <PARAMETER>T_TEXT</PARAMETER>
       <DBSTRUCT>CHAR4096</DBSTRUCT>
       <OPTIONAL>X</OPTIONAL>
      </RSTBL>
     </TABLES>
     <DOCUMENTATION>
      <RSFDO>
       <PARAMETER>I_ZINAME</PARAMETER>
       <KIND>P</KIND>
      </RSFDO>
      <RSFDO>
       <PARAMETER>I_ZFILE</PARAMETER>
       <KIND>P</KIND>
      </RSFDO>
      <RSFDO>
       <PARAMETER>I_ZTYPE</PARAMETER>
       <KIND>P</KIND>
      </RSFDO>
      <RSFDO>
       <PARAMETER>I_MOD</PARAMETER>
       <KIND>P</KIND>
      </RSFDO>
      <RSFDO>
       <PARAMETER>I_BATCH</PARAMETER>
       <KIND>P</KIND>
      </RSFDO>
      <RSFDO>
       <PARAMETER>T_TEXT</PARAMETER>
       <KIND>P</KIND>
      </RSFDO>
     </DOCUMENTATION>
    </item>
    <item>
     <FUNCNAME>ZTY_INTERFACE_HTTP</FUNCNAME>
     <IMPORT>
      <RSIMP>
       <PARAMETER>I_URL</PARAMETER>
       <REFERENCE>X</REFERENCE>
       <TYP>STRING</TYP>
      </RSIMP>
      <RSIMP>
       <PARAMETER>I_JSON</PARAMETER>
       <OPTIONAL>X</OPTIONAL>
       <REFERENCE>X</REFERENCE>
       <TYP>STRING</TYP>
      </RSIMP>
      <RSIMP>
       <PARAMETER>I_BASEINFO</PARAMETER>
       <OPTIONAL>X</OPTIONAL>
       <REFERENCE>X</REFERENCE>
       <TYP>STRING</TYP>
      </RSIMP>
      <RSIMP>
       <PARAMETER>I_MAINDATA</PARAMETER>
       <OPTIONAL>X</OPTIONAL>
       <REFERENCE>X</REFERENCE>
       <TYP>STRING</TYP>
      </RSIMP>
      <RSIMP>
       <PARAMETER>I_DETAILDATA</PARAMETER>
       <OPTIONAL>X</OPTIONAL>
       <REFERENCE>X</REFERENCE>
       <TYP>STRING</TYP>
      </RSIMP>
     </IMPORT>
     <EXPORT>
      <RSEXP>
       <PARAMETER>O_RESULT</PARAMETER>
       <REFERENCE>X</REFERENCE>
       <TYP>STRING</TYP>
      </RSEXP>
     </EXPORT>
     <DOCUMENTATION>
      <RSFDO>
       <PARAMETER>I_URL</PARAMETER>
       <KIND>P</KIND>
      </RSFDO>
      <RSFDO>
       <PARAMETER>I_JSON</PARAMETER>
       <KIND>P</KIND>
      </RSFDO>
      <RSFDO>
       <PARAMETER>I_BASEINFO</PARAMETER>
       <KIND>P</KIND>
      </RSFDO>
      <RSFDO>
       <PARAMETER>I_MAINDATA</PARAMETER>
       <KIND>P</KIND>
      </RSFDO>
      <RSFDO>
       <PARAMETER>I_DETAILDATA</PARAMETER>
       <KIND>P</KIND>
      </RSFDO>
      <RSFDO>
       <PARAMETER>O_RESULT</PARAMETER>
       <KIND>P</KIND>
      </RSFDO>
     </DOCUMENTATION>
    </item>
    <item>
     <FUNCNAME>ZTY_INTERFACE_LOG</FUNCNAME>
     <IMPORT>
      <RSIMP>
       <PARAMETER>I_ZURL</PARAMETER>
       <OPTIONAL>X</OPTIONAL>
       <REFERENCE>X</REFERENCE>
       <TYP>STRING</TYP>
      </RSIMP>
      <RSIMP>
       <PARAMETER>I_ZINAME</PARAMETER>
       <OPTIONAL>X</OPTIONAL>
       <REFERENCE>X</REFERENCE>
       <TYP>ZINAME</TYP>
      </RSIMP>
      <RSIMP>
       <PARAMETER>I_JSON</PARAMETER>
       <REFERENCE>X</REFERENCE>
       <TYP>STRING</TYP>
      </RSIMP>
      <RSIMP>
       <PARAMETER>I_SR</PARAMETER>
       <REFERENCE>X</REFERENCE>
       <TYP>CHAR1</TYP>
      </RSIMP>
      <RSIMP>
       <PARAMETER>I_NUMBER</PARAMETER>
       <OPTIONAL>X</OPTIONAL>
       <REFERENCE>X</REFERENCE>
       <TYP>ZLOGNO</TYP>
      </RSIMP>
     </IMPORT>
     <EXPORT>
      <RSEXP>
       <PARAMETER>O_NUMBER</PARAMETER>
       <REFERENCE>X</REFERENCE>
       <TYP>ZLOGNO</TYP>
      </RSEXP>
     </EXPORT>
     <DOCUMENTATION>
      <RSFDO>
       <PARAMETER>I_ZURL</PARAMETER>
       <KIND>P</KIND>
      </RSFDO>
      <RSFDO>
       <PARAMETER>I_ZINAME</PARAMETER>
       <KIND>P</KIND>
      </RSFDO>
      <RSFDO>
       <PARAMETER>I_JSON</PARAMETER>
       <KIND>P</KIND>
      </RSFDO>
      <RSFDO>
       <PARAMETER>I_SR</PARAMETER>
       <KIND>P</KIND>
      </RSFDO>
      <RSFDO>
       <PARAMETER>I_NUMBER</PARAMETER>
       <KIND>P</KIND>
      </RSFDO>
      <RSFDO>
       <PARAMETER>O_NUMBER</PARAMETER>
       <KIND>P</KIND>
      </RSFDO>
     </DOCUMENTATION>
    </item>
    <item>
     <FUNCNAME>ZTY_SAPSERVER_CSV</FUNCNAME>
     <IMPORT>
      <RSIMP>
       <PARAMETER>I_MOD</PARAMETER>
       <REFERENCE>X</REFERENCE>
       <TYP>CHAR1</TYP>
      </RSIMP>
      <RSIMP>
       <PARAMETER>I_FILE</PARAMETER>
       <REFERENCE>X</REFERENCE>
       <TYP>ZFILE</TYP>
      </RSIMP>
      <RSIMP>
       <PARAMETER>I_TYPE</PARAMETER>
       <OPTIONAL>X</OPTIONAL>
       <REFERENCE>X</REFERENCE>
       <TYP>ZFILE</TYP>
      </RSIMP>
      <RSIMP>
       <PARAMETER>I_HEADER</PARAMETER>
       <OPTIONAL>X</OPTIONAL>
       <REFERENCE>X</REFERENCE>
       <TYP>CHAR1</TYP>
      </RSIMP>
      <RSIMP>
       <PARAMETER>I_BATCH</PARAMETER>
       <OPTIONAL>X</OPTIONAL>
       <REFERENCE>X</REFERENCE>
       <TYP>CHAR1</TYP>
      </RSIMP>
     </IMPORT>
     <TABLES>
      <RSTBL>
       <PARAMETER>T_DATA</PARAMETER>
       <TYP>STANDARD TABLE</TYP>
      </RSTBL>
     </TABLES>
     <DOCUMENTATION>
      <RSFDO>
       <PARAMETER>I_MOD</PARAMETER>
       <KIND>P</KIND>
      </RSFDO>
      <RSFDO>
       <PARAMETER>I_FILE</PARAMETER>
       <KIND>P</KIND>
      </RSFDO>
      <RSFDO>
       <PARAMETER>I_TYPE</PARAMETER>
       <KIND>P</KIND>
      </RSFDO>
      <RSFDO>
       <PARAMETER>I_HEADER</PARAMETER>
       <KIND>P</KIND>
      </RSFDO>
      <RSFDO>
       <PARAMETER>I_BATCH</PARAMETER>
       <KIND>P</KIND>
      </RSFDO>
      <RSFDO>
       <PARAMETER>T_DATA</PARAMETER>
       <KIND>P</KIND>
      </RSFDO>
     </DOCUMENTATION>
    </item>
   </FUNCTIONS>
  </asx:values>
 </asx:abap>
</abapGit>
