﻿<?xml version="1.0" encoding="utf-8"?>
<abapGit version="v1.0.0" serializer="LCL_OBJECT_CMOD" serializer_version="v1.0.0">
 <asx:abap xmlns:asx="http://www.sap.com/abapxml" version="1.0">
  <asx:values>
   <MODACT>
    <MODACT>
     <NAME>ZWMITS</NAME>
    </MODACT>
    <MODACT>
     <NAME>ZWMITS</NAME>
     <MEMBER>S38MREP1</MEMBER>
    </MODACT>
   </MODACT>
   <MODATTR>
    <MODATTR>
     <NAME>ZWMITS</NAME>
     <STATUS>A</STATUS>
    </MODATTR>
   </MODATTR>
  </asx:values>
 </asx:abap>
</abapGit>
