﻿<?xml version="1.0" encoding="utf-8"?>
<abapGit version="v1.0.0" serializer="LCL_OBJECT_SSST" serializer_version="v1.0.0">
 <asx:abap xmlns:asx="http://www.sap.com/abapxml" version="1.0">
  <asx:values>
   <HEADER>
    <STYLENAME>ZDEMO01_STYLE</STYLENAME>
    <MASTERLANG>1</MASTERLANG>
    <LANGU>1</LANGU>
    <CAPTION>样式 ZDEMO01_STYLE</CAPTION>
    <V_CAPTION>样式 ZDEMO01_STYLE</V_CAPTION>
    <TDFIRSTPAR>C1</TDFIRSTPAR>
    <CPI>10.0</CPI>
    <LPI>6.0</LPI>
    <TDTABDIST>1.0</TDTABDIST>
    <TDTABDISTU>CM</TDTABDISTU>
    <ACTIVE>A</ACTIVE>
    <TDFAMILY>CNSONG</TDFAMILY>
    <TDHEIGHT>120</TDHEIGHT>
   </HEADER>
   <SSFPARAS>
    <SSFPARAS>
     <ACTIVE>A</ACTIVE>
     <STYLENAME>ZDEMO01_STYLE</STYLENAME>
     <TDPARGRAPH>C1</TDPARGRAPH>
     <TDPJUSTIFY>CENTER</TDPJUSTIFY>
     <TDPLDIST>1.0</TDPLDIST>
     <TDPLDISTU>LN</TDPLDISTU>
     <TDPTOPU>CM</TDPTOPU>
     <TDPBOTU>CM</TDPBOTU>
     <TDPLEFTU>CM</TDPLEFTU>
     <TDPRIGHTU>CM</TDPRIGHTU>
     <TDPENTRYU>CM</TDPENTRYU>
     <TDFAMILY>CNSONG</TDFAMILY>
     <TDHEIGHT>100</TDHEIGHT>
     <TDBOLD>*</TDBOLD>
     <TDITALIC>*</TDITALIC>
     <TDUNDERLIN>*</TDUNDERLIN>
     <LANGU>1</LANGU>
     <CAPTION>宋 10 居中</CAPTION>
    </SSFPARAS>
    <SSFPARAS>
     <ACTIVE>A</ACTIVE>
     <STYLENAME>ZDEMO01_STYLE</STYLENAME>
     <TDPARGRAPH>C2</TDPARGRAPH>
     <TDPJUSTIFY>LEFT</TDPJUSTIFY>
     <TDPLDIST>1.0</TDPLDIST>
     <TDPLDISTU>LN</TDPLDISTU>
     <TDPTOPU>CM</TDPTOPU>
     <TDPBOTU>CM</TDPBOTU>
     <TDPLEFT>0.5</TDPLEFT>
     <TDPLEFTU>CM</TDPLEFTU>
     <TDPRIGHTU>CM</TDPRIGHTU>
     <TDPENTRYU>CM</TDPENTRYU>
     <TDFAMILY>CNSONG</TDFAMILY>
     <TDHEIGHT>100</TDHEIGHT>
     <TDBOLD>*</TDBOLD>
     <TDITALIC>*</TDITALIC>
     <TDUNDERLIN>*</TDUNDERLIN>
     <LANGU>1</LANGU>
     <CAPTION>宋 10 左</CAPTION>
    </SSFPARAS>
    <SSFPARAS>
     <ACTIVE>A</ACTIVE>
     <STYLENAME>ZDEMO01_STYLE</STYLENAME>
     <TDPARGRAPH>C3</TDPARGRAPH>
     <TDPJUSTIFY>CENTER</TDPJUSTIFY>
     <TDPLDIST>1.0</TDPLDIST>
     <TDPLDISTU>LN</TDPLDISTU>
     <TDPTOPU>CM</TDPTOPU>
     <TDPBOTU>CM</TDPBOTU>
     <TDPLEFTU>CM</TDPLEFTU>
     <TDPRIGHTU>CM</TDPRIGHTU>
     <TDPENTRYU>CM</TDPENTRYU>
     <TDFAMILY>CNSONG</TDFAMILY>
     <TDHEIGHT>120</TDHEIGHT>
     <TDBOLD>X</TDBOLD>
     <TDITALIC>*</TDITALIC>
     <TDUNDERLIN>*</TDUNDERLIN>
     <LANGU>1</LANGU>
     <CAPTION>宋 12 居中</CAPTION>
    </SSFPARAS>
    <SSFPARAS>
     <ACTIVE>A</ACTIVE>
     <STYLENAME>ZDEMO01_STYLE</STYLENAME>
     <TDPARGRAPH>C4</TDPARGRAPH>
     <TDPJUSTIFY>LEFT</TDPJUSTIFY>
     <TDPLDIST>1.0</TDPLDIST>
     <TDPLDISTU>LN</TDPLDISTU>
     <TDPTOPU>CM</TDPTOPU>
     <TDPBOTU>CM</TDPBOTU>
     <TDPLEFTU>CM</TDPLEFTU>
     <TDPRIGHTU>CM</TDPRIGHTU>
     <TDPENTRYU>CM</TDPENTRYU>
     <TDNUMLEFTU>CM</TDNUMLEFTU>
     <TDFAMILY>CNSONG</TDFAMILY>
     <TDHEIGHT>120</TDHEIGHT>
     <TDBOLD>*</TDBOLD>
     <TDITALIC>*</TDITALIC>
     <TDUNDERLIN>*</TDUNDERLIN>
     <LANGU>1</LANGU>
     <CAPTION>宋 12 左</CAPTION>
    </SSFPARAS>
    <SSFPARAS>
     <ACTIVE>A</ACTIVE>
     <STYLENAME>ZDEMO01_STYLE</STYLENAME>
     <TDPARGRAPH>C5</TDPARGRAPH>
     <TDPJUSTIFY>RIGHT</TDPJUSTIFY>
     <TDPLDIST>1.0</TDPLDIST>
     <TDPLDISTU>LN</TDPLDISTU>
     <TDPTOPU>CM</TDPTOPU>
     <TDPBOTU>CM</TDPBOTU>
     <TDPLEFTU>CM</TDPLEFTU>
     <TDPRIGHT>0.5</TDPRIGHT>
     <TDPRIGHTU>CM</TDPRIGHTU>
     <TDPENTRYU>CM</TDPENTRYU>
     <TDNUMLEFTU>CM</TDNUMLEFTU>
     <TDFAMILY>CNSONG</TDFAMILY>
     <TDHEIGHT>100</TDHEIGHT>
     <TDBOLD>*</TDBOLD>
     <TDITALIC>*</TDITALIC>
     <TDUNDERLIN>*</TDUNDERLIN>
     <LANGU>1</LANGU>
     <CAPTION>宋 10 右</CAPTION>
    </SSFPARAS>
    <SSFPARAS>
     <ACTIVE>A</ACTIVE>
     <STYLENAME>ZDEMO01_STYLE</STYLENAME>
     <TDPARGRAPH>C6</TDPARGRAPH>
     <TDPJUSTIFY>LEFT</TDPJUSTIFY>
     <TDPLDIST>1.0</TDPLDIST>
     <TDPLDISTU>LN</TDPLDISTU>
     <TDPTOPU>CM</TDPTOPU>
     <TDPBOTU>CM</TDPBOTU>
     <TDPLEFT>1.0</TDPLEFT>
     <TDPLEFTU>CM</TDPLEFTU>
     <TDPRIGHTU>CM</TDPRIGHTU>
     <TDPENTRYU>CM</TDPENTRYU>
     <TDFAMILY>CNSONG</TDFAMILY>
     <TDHEIGHT>100</TDHEIGHT>
     <TDBOLD>*</TDBOLD>
     <TDITALIC>*</TDITALIC>
     <TDUNDERLIN>*</TDUNDERLIN>
     <LANGU>1</LANGU>
     <CAPTION>宋 10 左</CAPTION>
    </SSFPARAS>
   </SSFPARAS>
  </asx:values>
 </asx:abap>
</abapGit>
