﻿<?xml version="1.0" encoding="utf-8"?>
<abapGit version="v1.0.0" serializer="LCL_OBJECT_PROG" serializer_version="v1.0.0">
 <asx:abap xmlns:asx="http://www.sap.com/abapxml" version="1.0">
  <asx:values>
   <PROGDIR>
    <NAME>ZDOWNLOADPROGRAM</NAME>
    <SUBC>1</SUBC>
    <RSTAT>K</RSTAT>
    <RLOAD>1</RLOAD>
    <FIXPT>X</FIXPT>
    <UCCHECK>X</UCCHECK>
   </PROGDIR>
   <CUA>
    <ADM>
     <ACTCODE>000001</ACTCODE>
     <MENCODE>000010</MENCODE>
     <PFKCODE>000001</PFKCODE>
    </ADM>
    <STA>
     <RSMPE_STAT>
      <CODE>STANDARD</CODE>
      <MODAL>D</MODAL>
      <ACTCODE>000001</ACTCODE>
      <PFKCODE>000001</PFKCODE>
      <BUTCODE>0001</BUTCODE>
      <INT_NOTE>Standard f¨¹r allgemeine Listausgabe im Fullscreen Grid</INT_NOTE>
     </RSMPE_STAT>
    </STA>
    <FUN>
     <RSMPE_FUNT>
      <CODE>%ML</CODE>
      <TEXTNO>001</TEXTNO>
      <TEXT_TYPE>S</TEXT_TYPE>
      <FUN_TEXT>ÎÄ¼þ¼Ð</FUN_TEXT>
      <PATH>F</PATH>
     </RSMPE_FUNT>
     <RSMPE_FUNT>
      <CODE>%PC</CODE>
      <TEXTNO>001</TEXTNO>
      <TEXT_TYPE>S</TEXT_TYPE>
      <TEXT_NAME>ICON_EXPORT</TEXT_NAME>
      <ICON_ID>@49@</ICON_ID>
      <FUN_TEXT>±¾µØÎÄ¼þ...</FUN_TEXT>
      <PATH>L</PATH>
     </RSMPE_FUNT>
     <RSMPE_FUNT>
      <CODE>%SC</CODE>
      <TEXTNO>001</TEXTNO>
      <TEXT_TYPE>S</TEXT_TYPE>
      <TEXT_NAME>ICON_SEARCH</TEXT_NAME>
      <ICON_ID>@13@</ICON_ID>
      <FUN_TEXT>²éÕÒ</FUN_TEXT>
      <PATH>N</PATH>
     </RSMPE_FUNT>
     <RSMPE_FUNT>
      <CODE>%SC+</CODE>
      <TEXTNO>001</TEXTNO>
      <TEXT_TYPE>S</TEXT_TYPE>
      <TEXT_NAME>ICON_SEARCH_NEXT</TEXT_NAME>
      <ICON_ID>@4E@</ICON_ID>
      <FUN_TEXT>²éÕÒÏÂÒ»¸ö</FUN_TEXT>
     </RSMPE_FUNT>
     <RSMPE_FUNT>
      <CODE>%SL</CODE>
      <TEXTNO>001</TEXTNO>
      <TEXT_TYPE>S</TEXT_TYPE>
      <TEXT_NAME>ICON_MAIL</TEXT_NAME>
      <ICON_ID>@1S@</ICON_ID>
      <FUN_TEXT>ÊÕ¼þÈË</FUN_TEXT>
      <PATH>M</PATH>
     </RSMPE_FUNT>
     <RSMPE_FUNT>
      <CODE>&amp;ABC</CODE>
      <TEXTNO>001</TEXTNO>
      <TEXT_TYPE>S</TEXT_TYPE>
      <TEXT_NAME>ICON_ABC</TEXT_NAME>
      <ICON_ID>@DL@</ICON_ID>
      <FUN_TEXT>ABC ·ÖÎö</FUN_TEXT>
      <PATH>A</PATH>
     </RSMPE_FUNT>
     <RSMPE_FUNT>
      <CODE>&amp;ALL</CODE>
      <TEXTNO>001</TEXTNO>
      <TEXT_TYPE>S</TEXT_TYPE>
      <TEXT_NAME>ICON_SELECT_ALL</TEXT_NAME>
      <ICON_ID>@4B@</ICON_ID>
      <FUN_TEXT>È«Ñ¡</FUN_TEXT>
      <PATH>S</PATH>
     </RSMPE_FUNT>
     <RSMPE_FUNT>
      <CODE>&amp;AQW</CODE>
      <TEXTNO>001</TEXTNO>
      <TEXT_TYPE>S</TEXT_TYPE>
      <TEXT_NAME>ICON_WORD_PROCESSING</TEXT_NAME>
      <ICON_ID>@DK@</ICON_ID>
      <FUN_TEXT>ÎÄ×Ö´¦Àí...</FUN_TEXT>
      <PATH>W</PATH>
     </RSMPE_FUNT>
     <RSMPE_FUNT>
      <CODE>&amp;AUF</CODE>
      <TEXTNO>001</TEXTNO>
      <TEXT_TYPE>S</TEXT_TYPE>
      <FUN_TEXT>¶¨Òå×Ü¼ÆÏÂ×ê...</FUN_TEXT>
      <PATH>S</PATH>
     </RSMPE_FUNT>
     <RSMPE_FUNT>
      <CODE>&amp;AVE</CODE>
      <TEXTNO>001</TEXTNO>
      <TEXT_TYPE>S</TEXT_TYPE>
      <FUN_TEXT>±£´æ...</FUN_TEXT>
      <PATH>S</PATH>
     </RSMPE_FUNT>
     <RSMPE_FUNT>
      <CODE>&amp;AVE</CODE>
      <TEXTNO>002</TEXTNO>
      <TEXT_TYPE>S</TEXT_TYPE>
      <TEXT_NAME>ICON_ALV_VARIANT_SAVE</TEXT_NAME>
      <ICON_ID>@DN@</ICON_ID>
      <FUN_TEXT>±£´æ²¼¾Ö...</FUN_TEXT>
     </RSMPE_FUNT>
     <RSMPE_FUNT>
      <CODE>&amp;AVR</CODE>
      <TEXTNO>001</TEXTNO>
      <TEXT_TYPE>S</TEXT_TYPE>
      <FUN_TEXT>Æ½¾ùÖµ</FUN_TEXT>
      <PATH>M</PATH>
     </RSMPE_FUNT>
     <RSMPE_FUNT>
      <CODE>&amp;CDF</CODE>
      <TEXTNO>001</TEXTNO>
      <TEXT_TYPE>S</TEXT_TYPE>
      <FUN_TEXT>½â¶³</FUN_TEXT>
      <PATH>U</PATH>
     </RSMPE_FUNT>
     <RSMPE_FUNT>
      <CODE>&amp;CFI</CODE>
      <TEXTNO>001</TEXTNO>
      <TEXT_TYPE>S</TEXT_TYPE>
      <FUN_TEXT>¶³½áµ½ÁÐ</FUN_TEXT>
      <PATH>F</PATH>
     </RSMPE_FUNT>
     <RSMPE_FUNT>
      <CODE>&amp;COUNT</CODE>
      <TEXTNO>001</TEXTNO>
      <TEXT_TYPE>S</TEXT_TYPE>
      <FUN_TEXT>¼ÆÊý</FUN_TEXT>
      <PATH>C</PATH>
     </RSMPE_FUNT>
     <RSMPE_FUNT>
      <CODE>&amp;DATA_SAVE</CODE>
      <TEXTNO>001</TEXTNO>
      <TEXT_TYPE>S</TEXT_TYPE>
      <TEXT_NAME>ICON_SYSTEM_SAVE</TEXT_NAME>
      <ICON_ID>@2L@</ICON_ID>
      <FUN_TEXT>±£´æ</FUN_TEXT>
     </RSMPE_FUNT>
     <RSMPE_FUNT>
      <CODE>&amp;EB9</CODE>
      <TEXTNO>001</TEXTNO>
      <TEXT_TYPE>S</TEXT_TYPE>
      <TEXT_NAME>ICON_TABLE_SETTINGS</TEXT_NAME>
      <ICON_ID>@36@</ICON_ID>
      <FUN_TEXT>µ÷ÓÃ±¨±í</FUN_TEXT>
      <PATH>C</PATH>
     </RSMPE_FUNT>
     <RSMPE_FUNT>
      <CODE>&amp;ELP</CODE>
      <TEXTNO>001</TEXTNO>
      <TEXT_TYPE>S</TEXT_TYPE>
      <TEXT_NAME>ICON_SYSTEM_HELP</TEXT_NAME>
      <ICON_ID>@35@</ICON_ID>
      <FUN_TEXT>°ïÖú</FUN_TEXT>
     </RSMPE_FUNT>
     <RSMPE_FUNT>
      <CODE>&amp;ERW</CODE>
      <TEXTNO>001</TEXTNO>
      <TEXT_TYPE>S</TEXT_TYPE>
      <FUN_TEXT>²¼¾Ö¹ÜÀí</FUN_TEXT>
      <PATH>L</PATH>
     </RSMPE_FUNT>
     <RSMPE_FUNT>
      <CODE>&amp;ETA</CODE>
      <TEXTNO>001</TEXTNO>
      <TEXT_TYPE>S</TEXT_TYPE>
      <TEXT_NAME>ICON_SELECT_DETAIL</TEXT_NAME>
      <ICON_ID>@16@</ICON_ID>
      <FUN_TEXT>ÏêÏ¸ÐÅÏ¢</FUN_TEXT>
     </RSMPE_FUNT>
     <RSMPE_FUNT>
      <CODE>&amp;F03</CODE>
      <TEXTNO>001</TEXTNO>
      <TEXT_TYPE>S</TEXT_TYPE>
      <FUN_TEXT>ºóÍË</FUN_TEXT>
      <PATH>B</PATH>
     </RSMPE_FUNT>
     <RSMPE_FUNT>
      <CODE>&amp;F12</CODE>
      <TEXTNO>001</TEXTNO>
      <TEXT_TYPE>S</TEXT_TYPE>
      <TEXT_NAME>ICON_CANCEL</TEXT_NAME>
      <ICON_ID>@0W@</ICON_ID>
      <FUN_TEXT>È¡Ïû</FUN_TEXT>
      <PATH>A</PATH>
     </RSMPE_FUNT>
     <RSMPE_FUNT>
      <CODE>&amp;F15</CODE>
      <TEXTNO>001</TEXTNO>
      <TEXT_TYPE>S</TEXT_TYPE>
      <FUN_TEXT>ÍË³ö</FUN_TEXT>
      <PATH>X</PATH>
     </RSMPE_FUNT>
     <RSMPE_FUNT>
      <CODE>&amp;F4</CODE>
      <TEXTNO>001</TEXTNO>
      <TEXT_TYPE>S</TEXT_TYPE>
      <FUN_TEXT>¿ÉÄÜµÄÌõÄ¿</FUN_TEXT>
     </RSMPE_FUNT>
     <RSMPE_FUNT>
      <CODE>&amp;GRAPH</CODE>
      <TEXTNO>001</TEXTNO>
      <TEXT_TYPE>S</TEXT_TYPE>
      <TEXT_NAME>ICON_GRAPHICS</TEXT_NAME>
      <ICON_ID>@0N@</ICON_ID>
      <FUN_TEXT>Í¼ÐÎ</FUN_TEXT>
      <PATH>G</PATH>
     </RSMPE_FUNT>
     <RSMPE_FUNT>
      <CODE>&amp;IC1</CODE>
      <TEXTNO>001</TEXTNO>
      <TEXT_TYPE>S</TEXT_TYPE>
      <TEXT_NAME>ICON_SELECT_DETAIL</TEXT_NAME>
      <ICON_ID>@16@</ICON_ID>
      <FUN_TEXT>Ñ¡Ôñ</FUN_TEXT>
     </RSMPE_FUNT>
     <RSMPE_FUNT>
      <CODE>&amp;ILD</CODE>
      <TEXTNO>001</TEXTNO>
      <TEXT_TYPE>S</TEXT_TYPE>
      <TEXT_NAME>ICON_FILTER_UNDO</TEXT_NAME>
      <ICON_ID>@GD@</ICON_ID>
      <FUN_TEXT>É¾³ý¹ýÂËÆ÷</FUN_TEXT>
      <PATH>L</PATH>
     </RSMPE_FUNT>
     <RSMPE_FUNT>
      <CODE>&amp;ILT</CODE>
      <TEXTNO>001</TEXTNO>
      <TEXT_TYPE>S</TEXT_TYPE>
      <TEXT_NAME>ICON_FILTER</TEXT_NAME>
      <ICON_ID>@4G@</ICON_ID>
      <FUN_TEXT>ÉèÖÃ¹ýÂËÆ÷</FUN_TEXT>
      <PATH>F</PATH>
     </RSMPE_FUNT>
     <RSMPE_FUNT>
      <CODE>&amp;INFO</CODE>
      <TEXTNO>001</TEXTNO>
      <TEXT_TYPE>S</TEXT_TYPE>
      <TEXT_NAME>ICON_INFORMATION</TEXT_NAME>
      <ICON_ID>@0S@</ICON_ID>
      <FUN_TEXT>ÐÅÏ¢</FUN_TEXT>
     </RSMPE_FUNT>
     <RSMPE_FUNT>
      <CODE>&amp;MAX</CODE>
      <TEXTNO>001</TEXTNO>
      <TEXT_TYPE>S</TEXT_TYPE>
      <FUN_TEXT>×î´óÖµ</FUN_TEXT>
      <PATH>A</PATH>
     </RSMPE_FUNT>
     <RSMPE_FUNT>
      <CODE>&amp;MIN</CODE>
      <TEXTNO>001</TEXTNO>
      <TEXT_TYPE>S</TEXT_TYPE>
      <FUN_TEXT>×îÐ¡Öµ</FUN_TEXT>
      <PATH>I</PATH>
     </RSMPE_FUNT>
     <RSMPE_FUNT>
      <CODE>&amp;OAD</CODE>
      <TEXTNO>001</TEXTNO>
      <TEXT_TYPE>S</TEXT_TYPE>
      <FUN_TEXT>Ñ¡Ôñ...</FUN_TEXT>
      <PATH>H</PATH>
     </RSMPE_FUNT>
     <RSMPE_FUNT>
      <CODE>&amp;OAD</CODE>
      <TEXTNO>002</TEXTNO>
      <TEXT_TYPE>S</TEXT_TYPE>
      <TEXT_NAME>ICON_ALV_VARIANT_CHOOSE</TEXT_NAME>
      <ICON_ID>@DM@</ICON_ID>
      <FUN_TEXT>Ñ¡Ôñ²¼¾Ö...</FUN_TEXT>
     </RSMPE_FUNT>
     <RSMPE_FUNT>
      <CODE>&amp;ODN</CODE>
      <TEXTNO>001</TEXTNO>
      <TEXT_TYPE>S</TEXT_TYPE>
      <TEXT_NAME>ICON_SORT_DOWN</TEXT_NAME>
      <ICON_ID>@3F@</ICON_ID>
      <FUN_TEXT>½µÐòÅÅÐò</FUN_TEXT>
      <PATH>O</PATH>
     </RSMPE_FUNT>
     <RSMPE_FUNT>
      <CODE>&amp;OL0</CODE>
      <TEXTNO>001</TEXTNO>
      <TEXT_TYPE>S</TEXT_TYPE>
      <TEXT_NAME>ICON_ALV_VARIANTS</TEXT_NAME>
      <ICON_ID>@LZ@</ICON_ID>
      <FUN_TEXT>¸ü¸Ä²¼¾Ö...</FUN_TEXT>
     </RSMPE_FUNT>
     <RSMPE_FUNT>
      <CODE>&amp;OLX</CODE>
      <TEXTNO>001</TEXTNO>
      <TEXT_TYPE>S</TEXT_TYPE>
      <TEXT_NAME>ICON_VARIANTS</TEXT_NAME>
      <ICON_ID>@0R@</ICON_ID>
      <FUN_TEXT>¸ü¸Ä...</FUN_TEXT>
      <PATH>C</PATH>
     </RSMPE_FUNT>
     <RSMPE_FUNT>
      <CODE>&amp;OPT</CODE>
      <TEXTNO>001</TEXTNO>
      <TEXT_TYPE>S</TEXT_TYPE>
      <FUN_TEXT>µ÷Õûµ½×î¼Ñ¿í¶È</FUN_TEXT>
      <PATH>P</PATH>
     </RSMPE_FUNT>
     <RSMPE_FUNT>
      <CODE>&amp;OUP</CODE>
      <TEXTNO>001</TEXTNO>
      <TEXT_TYPE>S</TEXT_TYPE>
      <TEXT_NAME>ICON_SORT_UP</TEXT_NAME>
      <ICON_ID>@3E@</ICON_ID>
      <FUN_TEXT>°´ÉýÐòÅÅÐò</FUN_TEXT>
      <PATH>I</PATH>
     </RSMPE_FUNT>
     <RSMPE_FUNT>
      <CODE>&amp;REFRESH</CODE>
      <TEXTNO>001</TEXTNO>
      <TEXT_TYPE>S</TEXT_TYPE>
      <TEXT_NAME>ICON_REFRESH</TEXT_NAME>
      <ICON_ID>@42@</ICON_ID>
      <FUN_TEXT>Ë¢ÐÂ</FUN_TEXT>
     </RSMPE_FUNT>
     <RSMPE_FUNT>
      <CODE>&amp;RNT</CODE>
      <TEXTNO>001</TEXTNO>
      <TEXT_TYPE>S</TEXT_TYPE>
      <TEXT_NAME>ICON_PRINT</TEXT_NAME>
      <ICON_ID>@0X@</ICON_ID>
      <FUN_TEXT>´òÓ¡</FUN_TEXT>
      <PATH>P</PATH>
     </RSMPE_FUNT>
     <RSMPE_FUNT>
      <CODE>&amp;RNT_PREV</CODE>
      <TEXTNO>001</TEXTNO>
      <TEXT_TYPE>S</TEXT_TYPE>
      <TEXT_NAME>ICON_LAYOUT_CONTROL</TEXT_NAME>
      <ICON_ID>@3G@</ICON_ID>
      <FUN_TEXT>´òÓ¡Ô¤ÀÀ</FUN_TEXT>
      <PATH>R</PATH>
     </RSMPE_FUNT>
     <RSMPE_FUNT>
      <CODE>&amp;SAL</CODE>
      <TEXTNO>001</TEXTNO>
      <TEXT_TYPE>S</TEXT_TYPE>
      <TEXT_NAME>ICON_DESELECT_ALL</TEXT_NAME>
      <ICON_ID>@4D@</ICON_ID>
      <FUN_TEXT>È¡ÏûÈ«Ñ¡</FUN_TEXT>
      <PATH>D</PATH>
     </RSMPE_FUNT>
     <RSMPE_FUNT>
      <CODE>&amp;SUM</CODE>
      <TEXTNO>001</TEXTNO>
      <TEXT_TYPE>S</TEXT_TYPE>
      <TEXT_NAME>ICON_INTERMEDIATE_SUM</TEXT_NAME>
      <ICON_ID>@5V@</ICON_ID>
      <FUN_TEXT>Ð¡¼Æ...</FUN_TEXT>
      <PATH>U</PATH>
     </RSMPE_FUNT>
     <RSMPE_FUNT>
      <CODE>&amp;UMC</CODE>
      <TEXTNO>001</TEXTNO>
      <TEXT_TYPE>S</TEXT_TYPE>
      <TEXT_NAME>ICON_SUM</TEXT_NAME>
      <ICON_ID>@3Z@</ICON_ID>
      <FUN_TEXT>×Ü¼Æ</FUN_TEXT>
      <PATH>T</PATH>
     </RSMPE_FUNT>
     <RSMPE_FUNT>
      <CODE>&amp;VCRYSTAL</CODE>
      <TEXTNO>001</TEXTNO>
      <TEXT_TYPE>S</TEXT_TYPE>
      <FUN_TEXT>Crystal Reports</FUN_TEXT>
      <PATH>C</PATH>
     </RSMPE_FUNT>
     <RSMPE_FUNT>
      <CODE>&amp;VEXCEL</CODE>
      <TEXTNO>001</TEXTNO>
      <TEXT_TYPE>S</TEXT_TYPE>
      <TEXT_NAME>ICON_XLS</TEXT_NAME>
      <ICON_ID>@J2@</ICON_ID>
      <FUN_TEXT>Microsoft Excel</FUN_TEXT>
      <PATH>M</PATH>
     </RSMPE_FUNT>
     <RSMPE_FUNT>
      <CODE>&amp;VGRID</CODE>
      <TEXTNO>001</TEXTNO>
      <TEXT_TYPE>S</TEXT_TYPE>
      <FUN_TEXT>SAP ÁÐ±í²é¿´Æ÷</FUN_TEXT>
      <PATH>S</PATH>
     </RSMPE_FUNT>
     <RSMPE_FUNT>
      <CODE>&amp;VLOTUS</CODE>
      <TEXTNO>001</TEXTNO>
      <TEXT_TYPE>S</TEXT_TYPE>
      <FUN_TEXT>Lotus 1-2-3</FUN_TEXT>
      <PATH>L</PATH>
     </RSMPE_FUNT>
     <RSMPE_FUNT>
      <CODE>&amp;XINT</CODE>
      <TEXTNO>001</TEXTNO>
      <TEXT_TYPE>S</TEXT_TYPE>
      <FUN_TEXT>SAP ²éÑ¯µÄ¸½¼Ó¹¦ÄÜ</FUN_TEXT>
      <PATH>E</PATH>
     </RSMPE_FUNT>
     <RSMPE_FUNT>
      <CODE>&amp;XXL</CODE>
      <TEXTNO>001</TEXTNO>
      <TEXT_TYPE>S</TEXT_TYPE>
      <TEXT_NAME>ICON_XXL</TEXT_NAME>
      <ICON_ID>@DJ@</ICON_ID>
      <FUN_TEXT>µç×Ó±í¸ñ...</FUN_TEXT>
      <PATH>A</PATH>
     </RSMPE_FUNT>
     <RSMPE_FUNT>
      <CODE>BUT1</CODE>
      <TEXTNO>001</TEXTNO>
      <TEXT_TYPE>S</TEXT_TYPE>
      <TEXT_NAME>ICON_EXPORT</TEXT_NAME>
      <ICON_ID>@49@</ICON_ID>
      <FUN_TEXT>µ¼³öÎªTXT</FUN_TEXT>
      <ICON_TEXT>µ¼³öÎªTXT</ICON_TEXT>
      <INFO_TEXT>µ¼³öÎªTXT</INFO_TEXT>
     </RSMPE_FUNT>
     <RSMPE_FUNT>
      <CODE>BUT2</CODE>
      <TEXTNO>001</TEXTNO>
      <TEXT_TYPE>S</TEXT_TYPE>
      <TEXT_NAME>ICON_START_VIEWER</TEXT_NAME>
      <ICON_ID>@Y2@</ICON_ID>
      <FUN_TEXT>²é¿´Ô´´úÂë</FUN_TEXT>
      <ICON_TEXT>²é¿´Ô´´úÂë</ICON_TEXT>
      <INFO_TEXT>²é¿´Ô´´úÂë</INFO_TEXT>
     </RSMPE_FUNT>
     <RSMPE_FUNT>
      <CODE>DOWN</CODE>
      <TEXTNO>001</TEXTNO>
      <TEXT_TYPE>S</TEXT_TYPE>
      <TEXT_NAME>ICON_EXPORT</TEXT_NAME>
      <ICON_ID>@49@</ICON_ID>
      <FUN_TEXT>µ¼³ö</FUN_TEXT>
      <ICON_TEXT>µ¼³ö</ICON_TEXT>
      <INFO_TEXT>µ¼³ö</INFO_TEXT>
     </RSMPE_FUNT>
     <RSMPE_FUNT>
      <CODE>FG</CODE>
      <TEXTNO>001</TEXTNO>
      <TEXT_TYPE>S</TEXT_TYPE>
      <TEXT_NAME>ICON_IMPORT</TEXT_NAME>
      <ICON_ID>@48@</ICON_ID>
      <FUN_TEXT>ÏÂÔØº¯Êý×é½Ó¿ÚÎÄµµ</FUN_TEXT>
      <ICON_TEXT>ÏÂÔØº¯Êý×é½Ó¿ÚÎÄµµ</ICON_TEXT>
      <INFO_TEXT>ÏÂÔØº¯Êý×é½Ó¿ÚÎÄµµ</INFO_TEXT>
     </RSMPE_FUNT>
     <RSMPE_FUNT>
      <CODE>TR</CODE>
      <TEXTNO>001</TEXTNO>
      <TEXT_TYPE>S</TEXT_TYPE>
      <TEXT_NAME>ICON_IMPORT_TRANSPORT_REQUEST</TEXT_NAME>
      <ICON_ID>@K5@</ICON_ID>
      <FUN_TEXT>Ìí¼Óµ½´«ÊäÇëÇó</FUN_TEXT>
      <ICON_TEXT>Ìí¼Óµ½´«ÊäÇëÇó</ICON_TEXT>
      <INFO_TEXT>Ìí¼Óµ½´«ÊäÇëÇó</INFO_TEXT>
     </RSMPE_FUNT>
    </FUN>
    <MEN>
     <RSMPE_MEN>
      <CODE>000001</CODE>
      <NO>01</NO>
      <REF_TYPE>F</REF_TYPE>
      <REF_CODE>&amp;RNT_PREV</REF_CODE>
      <REF_NO>001</REF_NO>
     </RSMPE_MEN>
     <RSMPE_MEN>
      <CODE>000001</CODE>
      <NO>02</NO>
      <REF_TYPE>F</REF_TYPE>
      <REF_CODE>&amp;RNT</REF_CODE>
      <REF_NO>001</REF_NO>
     </RSMPE_MEN>
     <RSMPE_MEN>
      <CODE>000001</CODE>
      <NO>03</NO>
      <REF_TYPE>S</REF_TYPE>
     </RSMPE_MEN>
     <RSMPE_MEN>
      <CODE>000001</CODE>
      <NO>04</NO>
      <REF_TYPE>M</REF_TYPE>
      <REF_CODE>000002</REF_CODE>
     </RSMPE_MEN>
     <RSMPE_MEN>
      <CODE>000001</CODE>
      <NO>05</NO>
      <REF_TYPE>M</REF_TYPE>
      <REF_CODE>000003</REF_CODE>
     </RSMPE_MEN>
     <RSMPE_MEN>
      <CODE>000001</CODE>
      <NO>06</NO>
      <REF_TYPE>S</REF_TYPE>
     </RSMPE_MEN>
     <RSMPE_MEN>
      <CODE>000001</CODE>
      <NO>07</NO>
      <REF_TYPE>F</REF_TYPE>
      <REF_CODE>&amp;F15</REF_CODE>
      <REF_NO>001</REF_NO>
     </RSMPE_MEN>
     <RSMPE_MEN>
      <CODE>000002</CODE>
      <NO>01</NO>
      <REF_TYPE>F</REF_TYPE>
      <REF_CODE>&amp;AQW</REF_CODE>
      <REF_NO>001</REF_NO>
     </RSMPE_MEN>
     <RSMPE_MEN>
      <CODE>000002</CODE>
      <NO>02</NO>
      <REF_TYPE>F</REF_TYPE>
      <REF_CODE>&amp;XXL</REF_CODE>
      <REF_NO>001</REF_NO>
     </RSMPE_MEN>
     <RSMPE_MEN>
      <CODE>000002</CODE>
      <NO>03</NO>
      <REF_TYPE>F</REF_TYPE>
      <REF_CODE>%PC</REF_CODE>
      <REF_NO>001</REF_NO>
     </RSMPE_MEN>
     <RSMPE_MEN>
      <CODE>000002</CODE>
      <NO>04</NO>
      <REF_TYPE>F</REF_TYPE>
      <REF_CODE>&amp;XINT</REF_CODE>
      <REF_NO>001</REF_NO>
     </RSMPE_MEN>
     <RSMPE_MEN>
      <CODE>000003</CODE>
      <NO>01</NO>
      <REF_TYPE>F</REF_TYPE>
      <REF_CODE>%SL</REF_CODE>
      <REF_NO>001</REF_NO>
     </RSMPE_MEN>
     <RSMPE_MEN>
      <CODE>000003</CODE>
      <NO>02</NO>
      <REF_TYPE>F</REF_TYPE>
      <REF_CODE>%ML</REF_CODE>
      <REF_NO>001</REF_NO>
     </RSMPE_MEN>
     <RSMPE_MEN>
      <CODE>000004</CODE>
      <NO>01</NO>
      <REF_TYPE>F</REF_TYPE>
      <REF_CODE>&amp;ALL</REF_CODE>
      <REF_NO>001</REF_NO>
     </RSMPE_MEN>
     <RSMPE_MEN>
      <CODE>000004</CODE>
      <NO>02</NO>
      <REF_TYPE>F</REF_TYPE>
      <REF_CODE>&amp;SAL</REF_CODE>
      <REF_NO>001</REF_NO>
     </RSMPE_MEN>
     <RSMPE_MEN>
      <CODE>000004</CODE>
      <NO>03</NO>
      <REF_TYPE>S</REF_TYPE>
     </RSMPE_MEN>
     <RSMPE_MEN>
      <CODE>000004</CODE>
      <NO>04</NO>
      <REF_TYPE>F</REF_TYPE>
      <REF_CODE>&amp;ILT</REF_CODE>
      <REF_NO>001</REF_NO>
     </RSMPE_MEN>
     <RSMPE_MEN>
      <CODE>000004</CODE>
      <NO>05</NO>
      <REF_TYPE>F</REF_TYPE>
      <REF_CODE>&amp;ILD</REF_CODE>
      <REF_NO>001</REF_NO>
     </RSMPE_MEN>
     <RSMPE_MEN>
      <CODE>000004</CODE>
      <NO>06</NO>
      <REF_TYPE>S</REF_TYPE>
     </RSMPE_MEN>
     <RSMPE_MEN>
      <CODE>000004</CODE>
      <NO>07</NO>
      <REF_TYPE>F</REF_TYPE>
      <REF_CODE>&amp;OUP</REF_CODE>
      <REF_NO>001</REF_NO>
     </RSMPE_MEN>
     <RSMPE_MEN>
      <CODE>000004</CODE>
      <NO>08</NO>
      <REF_TYPE>F</REF_TYPE>
      <REF_CODE>&amp;ODN</REF_CODE>
      <REF_NO>001</REF_NO>
     </RSMPE_MEN>
     <RSMPE_MEN>
      <CODE>000004</CODE>
      <NO>09</NO>
      <REF_TYPE>S</REF_TYPE>
     </RSMPE_MEN>
     <RSMPE_MEN>
      <CODE>000004</CODE>
      <NO>10</NO>
      <REF_TYPE>M</REF_TYPE>
      <REF_CODE>000005</REF_CODE>
     </RSMPE_MEN>
     <RSMPE_MEN>
      <CODE>000004</CODE>
      <NO>11</NO>
      <REF_TYPE>F</REF_TYPE>
      <REF_CODE>&amp;SUM</REF_CODE>
      <REF_NO>001</REF_NO>
     </RSMPE_MEN>
     <RSMPE_MEN>
      <CODE>000004</CODE>
      <NO>12</NO>
      <REF_TYPE>S</REF_TYPE>
     </RSMPE_MEN>
     <RSMPE_MEN>
      <CODE>000004</CODE>
      <NO>13</NO>
      <REF_TYPE>F</REF_TYPE>
      <REF_CODE>%SC</REF_CODE>
      <REF_NO>001</REF_NO>
     </RSMPE_MEN>
     <RSMPE_MEN>
      <CODE>000004</CODE>
      <NO>14</NO>
      <REF_TYPE>S</REF_TYPE>
     </RSMPE_MEN>
     <RSMPE_MEN>
      <CODE>000004</CODE>
      <NO>15</NO>
      <REF_TYPE>F</REF_TYPE>
      <REF_CODE>&amp;F12</REF_CODE>
      <REF_NO>001</REF_NO>
     </RSMPE_MEN>
     <RSMPE_MEN>
      <CODE>000005</CODE>
      <NO>01</NO>
      <REF_TYPE>F</REF_TYPE>
      <REF_CODE>&amp;UMC</REF_CODE>
      <REF_NO>001</REF_NO>
     </RSMPE_MEN>
     <RSMPE_MEN>
      <CODE>000005</CODE>
      <NO>02</NO>
      <REF_TYPE>F</REF_TYPE>
      <REF_CODE>&amp;AVR</REF_CODE>
      <REF_NO>001</REF_NO>
     </RSMPE_MEN>
     <RSMPE_MEN>
      <CODE>000005</CODE>
      <NO>03</NO>
      <REF_TYPE>F</REF_TYPE>
      <REF_CODE>&amp;MIN</REF_CODE>
      <REF_NO>001</REF_NO>
     </RSMPE_MEN>
     <RSMPE_MEN>
      <CODE>000005</CODE>
      <NO>04</NO>
      <REF_TYPE>F</REF_TYPE>
      <REF_CODE>&amp;MAX</REF_CODE>
      <REF_NO>001</REF_NO>
     </RSMPE_MEN>
     <RSMPE_MEN>
      <CODE>000005</CODE>
      <NO>05</NO>
      <REF_TYPE>F</REF_TYPE>
      <REF_CODE>&amp;COUNT</REF_CODE>
      <REF_NO>001</REF_NO>
     </RSMPE_MEN>
     <RSMPE_MEN>
      <CODE>000006</CODE>
      <NO>01</NO>
      <REF_TYPE>F</REF_TYPE>
      <REF_CODE>&amp;ABC</REF_CODE>
      <REF_NO>001</REF_NO>
     </RSMPE_MEN>
     <RSMPE_MEN>
      <CODE>000006</CODE>
      <NO>02</NO>
      <REF_TYPE>S</REF_TYPE>
     </RSMPE_MEN>
     <RSMPE_MEN>
      <CODE>000006</CODE>
      <NO>03</NO>
      <REF_TYPE>F</REF_TYPE>
      <REF_CODE>&amp;F03</REF_CODE>
      <REF_NO>001</REF_NO>
     </RSMPE_MEN>
     <RSMPE_MEN>
      <CODE>000007</CODE>
      <NO>01</NO>
      <REF_TYPE>F</REF_TYPE>
      <REF_CODE>&amp;VGRID</REF_CODE>
      <REF_NO>001</REF_NO>
     </RSMPE_MEN>
     <RSMPE_MEN>
      <CODE>000007</CODE>
      <NO>02</NO>
      <REF_TYPE>F</REF_TYPE>
      <REF_CODE>&amp;VEXCEL</REF_CODE>
      <REF_NO>001</REF_NO>
     </RSMPE_MEN>
     <RSMPE_MEN>
      <CODE>000007</CODE>
      <NO>03</NO>
      <REF_TYPE>F</REF_TYPE>
      <REF_CODE>&amp;VLOTUS</REF_CODE>
      <REF_NO>001</REF_NO>
     </RSMPE_MEN>
     <RSMPE_MEN>
      <CODE>000007</CODE>
      <NO>04</NO>
      <REF_TYPE>F</REF_TYPE>
      <REF_CODE>&amp;VCRYSTAL</REF_CODE>
      <REF_NO>001</REF_NO>
     </RSMPE_MEN>
     <RSMPE_MEN>
      <CODE>000007</CODE>
      <NO>05</NO>
      <REF_TYPE>S</REF_TYPE>
     </RSMPE_MEN>
     <RSMPE_MEN>
      <CODE>000007</CODE>
      <NO>06</NO>
      <REF_TYPE>F</REF_TYPE>
      <REF_CODE>&amp;GRAPH</REF_CODE>
      <REF_NO>001</REF_NO>
     </RSMPE_MEN>
     <RSMPE_MEN>
      <CODE>000008</CODE>
      <NO>01</NO>
      <REF_TYPE>M</REF_TYPE>
      <REF_CODE>000009</REF_CODE>
     </RSMPE_MEN>
     <RSMPE_MEN>
      <CODE>000008</CODE>
      <NO>02</NO>
      <REF_TYPE>M</REF_TYPE>
      <REF_CODE>000010</REF_CODE>
     </RSMPE_MEN>
     <RSMPE_MEN>
      <CODE>000008</CODE>
      <NO>03</NO>
      <REF_TYPE>F</REF_TYPE>
      <REF_CODE>&amp;AUF</REF_CODE>
      <REF_NO>001</REF_NO>
     </RSMPE_MEN>
     <RSMPE_MEN>
      <CODE>000009</CODE>
      <NO>01</NO>
      <REF_TYPE>F</REF_TYPE>
      <REF_CODE>&amp;OLX</REF_CODE>
      <REF_NO>001</REF_NO>
     </RSMPE_MEN>
     <RSMPE_MEN>
      <CODE>000009</CODE>
      <NO>02</NO>
      <REF_TYPE>F</REF_TYPE>
      <REF_CODE>&amp;OAD</REF_CODE>
      <REF_NO>001</REF_NO>
     </RSMPE_MEN>
     <RSMPE_MEN>
      <CODE>000009</CODE>
      <NO>03</NO>
      <REF_TYPE>S</REF_TYPE>
     </RSMPE_MEN>
     <RSMPE_MEN>
      <CODE>000009</CODE>
      <NO>04</NO>
      <REF_TYPE>F</REF_TYPE>
      <REF_CODE>&amp;AVE</REF_CODE>
      <REF_NO>001</REF_NO>
     </RSMPE_MEN>
     <RSMPE_MEN>
      <CODE>000009</CODE>
      <NO>05</NO>
      <REF_TYPE>S</REF_TYPE>
     </RSMPE_MEN>
     <RSMPE_MEN>
      <CODE>000009</CODE>
      <NO>06</NO>
      <REF_TYPE>F</REF_TYPE>
      <REF_CODE>&amp;ERW</REF_CODE>
      <REF_NO>001</REF_NO>
     </RSMPE_MEN>
     <RSMPE_MEN>
      <CODE>000010</CODE>
      <NO>01</NO>
      <REF_TYPE>F</REF_TYPE>
      <REF_CODE>&amp;OPT</REF_CODE>
      <REF_NO>001</REF_NO>
     </RSMPE_MEN>
     <RSMPE_MEN>
      <CODE>000010</CODE>
      <NO>02</NO>
      <REF_TYPE>S</REF_TYPE>
     </RSMPE_MEN>
     <RSMPE_MEN>
      <CODE>000010</CODE>
      <NO>03</NO>
      <REF_TYPE>F</REF_TYPE>
      <REF_CODE>&amp;CFI</REF_CODE>
      <REF_NO>001</REF_NO>
     </RSMPE_MEN>
     <RSMPE_MEN>
      <CODE>000010</CODE>
      <NO>04</NO>
      <REF_TYPE>F</REF_TYPE>
      <REF_CODE>&amp;CDF</REF_CODE>
      <REF_NO>001</REF_NO>
     </RSMPE_MEN>
    </MEN>
    <MTX>
     <RSMPE_MNLT>
      <CODE>000001</CODE>
      <TEXT_TYPE>S</TEXT_TYPE>
      <TEXT>ÁÐ±í</TEXT>
      <PATH>L</PATH>
      <INT_NOTE>STANDARD_FULLSCREEN Liste</INT_NOTE>
     </RSMPE_MNLT>
     <RSMPE_MNLT>
      <CODE>000002</CODE>
      <TEXT_TYPE>S</TEXT_TYPE>
      <TEXT>µ¼³ö</TEXT>
      <PATH>E</PATH>
      <INT_NOTE>STANDARD Sichern</INT_NOTE>
     </RSMPE_MNLT>
     <RSMPE_MNLT>
      <CODE>000003</CODE>
      <TEXT_TYPE>S</TEXT_TYPE>
      <TEXT>·¢ËÍµ½</TEXT>
      <PATH>S</PATH>
     </RSMPE_MNLT>
     <RSMPE_MNLT>
      <CODE>000004</CODE>
      <TEXT_TYPE>S</TEXT_TYPE>
      <TEXT>±à¼­</TEXT>
      <PATH>E</PATH>
      <INT_NOTE>STANDARD</INT_NOTE>
     </RSMPE_MNLT>
     <RSMPE_MNLT>
      <CODE>000005</CODE>
      <TEXT_TYPE>S</TEXT_TYPE>
      <TEXT>¼ÆËã</TEXT>
      <PATH>C</PATH>
     </RSMPE_MNLT>
     <RSMPE_MNLT>
      <CODE>000006</CODE>
      <TEXT_TYPE>S</TEXT_TYPE>
      <TEXT>×ªµ½</TEXT>
      <PATH>G</PATH>
      <INT_NOTE>STANDARD</INT_NOTE>
     </RSMPE_MNLT>
     <RSMPE_MNLT>
      <CODE>000007</CODE>
      <TEXT_TYPE>S</TEXT_TYPE>
      <TEXT>ÊÓÍ¼</TEXT>
      <PATH>I</PATH>
     </RSMPE_MNLT>
     <RSMPE_MNLT>
      <CODE>000008</CODE>
      <TEXT_TYPE>S</TEXT_TYPE>
      <TEXT>ÉèÖÃ</TEXT>
      <PATH>S</PATH>
      <INT_NOTE>STANDARD_FULLSCREEN</INT_NOTE>
     </RSMPE_MNLT>
     <RSMPE_MNLT>
      <CODE>000009</CODE>
      <TEXT_TYPE>S</TEXT_TYPE>
      <TEXT>²¼¾Ö</TEXT>
      <PATH>A</PATH>
      <INT_NOTE>Sub STANDARD</INT_NOTE>
     </RSMPE_MNLT>
     <RSMPE_MNLT>
      <CODE>000010</CODE>
      <TEXT_TYPE>S</TEXT_TYPE>
      <TEXT>ÁÐ</TEXT>
      <PATH>C</PATH>
     </RSMPE_MNLT>
    </MTX>
    <ACT>
     <RSMPE_ACT>
      <CODE>000001</CODE>
      <NO>01</NO>
      <MENUCODE>000001</MENUCODE>
     </RSMPE_ACT>
     <RSMPE_ACT>
      <CODE>000001</CODE>
      <NO>02</NO>
      <MENUCODE>000004</MENUCODE>
     </RSMPE_ACT>
     <RSMPE_ACT>
      <CODE>000001</CODE>
      <NO>03</NO>
      <MENUCODE>000006</MENUCODE>
     </RSMPE_ACT>
     <RSMPE_ACT>
      <CODE>000001</CODE>
      <NO>04</NO>
      <MENUCODE>000007</MENUCODE>
     </RSMPE_ACT>
     <RSMPE_ACT>
      <CODE>000001</CODE>
      <NO>05</NO>
      <MENUCODE>000008</MENUCODE>
     </RSMPE_ACT>
    </ACT>
    <BUT>
     <RSMPE_BUT>
      <PFK_CODE>000001</PFK_CODE>
      <CODE>0001</CODE>
      <NO>01</NO>
      <PFNO>39</PFNO>
     </RSMPE_BUT>
     <RSMPE_BUT>
      <PFK_CODE>000001</PFK_CODE>
      <CODE>0001</CODE>
      <NO>02</NO>
      <PFNO>37</PFNO>
     </RSMPE_BUT>
     <RSMPE_BUT>
      <PFK_CODE>000001</PFK_CODE>
      <CODE>0001</CODE>
      <NO>03</NO>
      <PFNO>08</PFNO>
     </RSMPE_BUT>
     <RSMPE_BUT>
      <PFK_CODE>000001</PFK_CODE>
      <CODE>0001</CODE>
      <NO>04</NO>
      <PFNO>S</PFNO>
     </RSMPE_BUT>
     <RSMPE_BUT>
      <PFK_CODE>000001</PFK_CODE>
      <CODE>0001</CODE>
      <NO>05</NO>
      <PFNO>05</PFNO>
     </RSMPE_BUT>
     <RSMPE_BUT>
      <PFK_CODE>000001</PFK_CODE>
      <CODE>0001</CODE>
      <NO>06</NO>
      <PFNO>06</PFNO>
     </RSMPE_BUT>
     <RSMPE_BUT>
      <PFK_CODE>000001</PFK_CODE>
      <CODE>0001</CODE>
      <NO>07</NO>
      <PFNO>S</PFNO>
     </RSMPE_BUT>
     <RSMPE_BUT>
      <PFK_CODE>000001</PFK_CODE>
      <CODE>0001</CODE>
      <NO>08</NO>
      <PFNO>28</PFNO>
     </RSMPE_BUT>
     <RSMPE_BUT>
      <PFK_CODE>000001</PFK_CODE>
      <CODE>0001</CODE>
      <NO>09</NO>
      <PFNO>40</PFNO>
     </RSMPE_BUT>
     <RSMPE_BUT>
      <PFK_CODE>000001</PFK_CODE>
      <CODE>0001</CODE>
      <NO>10</NO>
      <PFNO>29</PFNO>
     </RSMPE_BUT>
     <RSMPE_BUT>
      <PFK_CODE>000001</PFK_CODE>
      <CODE>0001</CODE>
      <NO>11</NO>
      <PFNO>38</PFNO>
     </RSMPE_BUT>
     <RSMPE_BUT>
      <PFK_CODE>000001</PFK_CODE>
      <CODE>0001</CODE>
      <NO>12</NO>
      <PFNO>S</PFNO>
     </RSMPE_BUT>
     <RSMPE_BUT>
      <PFK_CODE>000001</PFK_CODE>
      <CODE>0001</CODE>
      <NO>13</NO>
      <PFNO>30</PFNO>
     </RSMPE_BUT>
     <RSMPE_BUT>
      <PFK_CODE>000001</PFK_CODE>
      <CODE>0001</CODE>
      <NO>14</NO>
      <PFNO>42</PFNO>
     </RSMPE_BUT>
     <RSMPE_BUT>
      <PFK_CODE>000001</PFK_CODE>
      <CODE>0001</CODE>
      <NO>15</NO>
      <PFNO>S</PFNO>
     </RSMPE_BUT>
     <RSMPE_BUT>
      <PFK_CODE>000001</PFK_CODE>
      <CODE>0001</CODE>
      <NO>16</NO>
      <PFNO>46</PFNO>
     </RSMPE_BUT>
     <RSMPE_BUT>
      <PFK_CODE>000001</PFK_CODE>
      <CODE>0001</CODE>
      <NO>17</NO>
      <PFNO>S</PFNO>
     </RSMPE_BUT>
     <RSMPE_BUT>
      <PFK_CODE>000001</PFK_CODE>
      <CODE>0001</CODE>
      <NO>18</NO>
      <PFNO>43</PFNO>
     </RSMPE_BUT>
     <RSMPE_BUT>
      <PFK_CODE>000001</PFK_CODE>
      <CODE>0001</CODE>
      <NO>19</NO>
      <PFNO>44</PFNO>
     </RSMPE_BUT>
     <RSMPE_BUT>
      <PFK_CODE>000001</PFK_CODE>
      <CODE>0001</CODE>
      <NO>20</NO>
      <PFNO>45</PFNO>
     </RSMPE_BUT>
     <RSMPE_BUT>
      <PFK_CODE>000001</PFK_CODE>
      <CODE>0001</CODE>
      <NO>21</NO>
      <PFNO>31</PFNO>
     </RSMPE_BUT>
     <RSMPE_BUT>
      <PFK_CODE>000001</PFK_CODE>
      <CODE>0001</CODE>
      <NO>22</NO>
      <PFNO>25</PFNO>
     </RSMPE_BUT>
     <RSMPE_BUT>
      <PFK_CODE>000001</PFK_CODE>
      <CODE>0001</CODE>
      <NO>23</NO>
      <PFNO>47</PFNO>
     </RSMPE_BUT>
     <RSMPE_BUT>
      <PFK_CODE>000001</PFK_CODE>
      <CODE>0001</CODE>
      <NO>24</NO>
      <PFNO>S</PFNO>
     </RSMPE_BUT>
     <RSMPE_BUT>
      <PFK_CODE>000001</PFK_CODE>
      <CODE>0001</CODE>
      <NO>25</NO>
      <PFNO>32</PFNO>
     </RSMPE_BUT>
     <RSMPE_BUT>
      <PFK_CODE>000001</PFK_CODE>
      <CODE>0001</CODE>
      <NO>26</NO>
      <PFNO>33</PFNO>
     </RSMPE_BUT>
     <RSMPE_BUT>
      <PFK_CODE>000001</PFK_CODE>
      <CODE>0001</CODE>
      <NO>27</NO>
      <PFNO>34</PFNO>
     </RSMPE_BUT>
     <RSMPE_BUT>
      <PFK_CODE>000001</PFK_CODE>
      <CODE>0001</CODE>
      <NO>28</NO>
      <PFNO>S</PFNO>
     </RSMPE_BUT>
     <RSMPE_BUT>
      <PFK_CODE>000001</PFK_CODE>
      <CODE>0001</CODE>
      <NO>29</NO>
      <PFNO>36</PFNO>
     </RSMPE_BUT>
     <RSMPE_BUT>
      <PFK_CODE>000001</PFK_CODE>
      <CODE>0001</CODE>
      <NO>30</NO>
      <PFNO>13</PFNO>
     </RSMPE_BUT>
     <RSMPE_BUT>
      <PFK_CODE>000001</PFK_CODE>
      <CODE>0001</CODE>
      <NO>31</NO>
      <PFNO>14</PFNO>
     </RSMPE_BUT>
     <RSMPE_BUT>
      <PFK_CODE>000001</PFK_CODE>
      <CODE>0001</CODE>
      <NO>32</NO>
      <PFNO>16</PFNO>
     </RSMPE_BUT>
    </BUT>
    <PFK>
     <RSMPE_PFK>
      <CODE>000001</CODE>
      <PFNO>01</PFNO>
      <FUNCODE>&amp;ELP</FUNCODE>
      <FUNNO>001</FUNNO>
     </RSMPE_PFK>
     <RSMPE_PFK>
      <CODE>000001</CODE>
      <PFNO>02</PFNO>
      <FUNCODE>&amp;IC1</FUNCODE>
      <FUNNO>001</FUNNO>
     </RSMPE_PFK>
     <RSMPE_PFK>
      <CODE>000001</CODE>
      <PFNO>03</PFNO>
      <FUNCODE>&amp;F03</FUNCODE>
      <FUNNO>001</FUNNO>
     </RSMPE_PFK>
     <RSMPE_PFK>
      <CODE>000001</CODE>
      <PFNO>04</PFNO>
      <FUNCODE>&amp;F4</FUNCODE>
      <FUNNO>001</FUNNO>
     </RSMPE_PFK>
     <RSMPE_PFK>
      <CODE>000001</CODE>
      <PFNO>05</PFNO>
      <FUNCODE>&amp;ALL</FUNCODE>
      <FUNNO>001</FUNNO>
     </RSMPE_PFK>
     <RSMPE_PFK>
      <CODE>000001</CODE>
      <PFNO>06</PFNO>
      <FUNCODE>&amp;SAL</FUNCODE>
      <FUNNO>001</FUNNO>
     </RSMPE_PFK>
     <RSMPE_PFK>
      <CODE>000001</CODE>
      <PFNO>07</PFNO>
      <FUNCODE>BUT1</FUNCODE>
      <FUNNO>001</FUNNO>
     </RSMPE_PFK>
     <RSMPE_PFK>
      <CODE>000001</CODE>
      <PFNO>08</PFNO>
      <FUNCODE>&amp;REFRESH</FUNCODE>
      <FUNNO>001</FUNNO>
     </RSMPE_PFK>
     <RSMPE_PFK>
      <CODE>000001</CODE>
      <PFNO>09</PFNO>
      <FUNCODE>BUT2</FUNCODE>
      <FUNNO>001</FUNNO>
     </RSMPE_PFK>
     <RSMPE_PFK>
      <CODE>000001</CODE>
      <PFNO>11</PFNO>
      <FUNCODE>&amp;DATA_SAVE</FUNCODE>
      <FUNNO>001</FUNNO>
     </RSMPE_PFK>
     <RSMPE_PFK>
      <CODE>000001</CODE>
      <PFNO>12</PFNO>
      <FUNCODE>&amp;F12</FUNCODE>
      <FUNNO>001</FUNNO>
     </RSMPE_PFK>
     <RSMPE_PFK>
      <CODE>000001</CODE>
      <PFNO>13</PFNO>
      <FUNCODE>DOWN</FUNCODE>
      <FUNNO>001</FUNNO>
     </RSMPE_PFK>
     <RSMPE_PFK>
      <CODE>000001</CODE>
      <PFNO>14</PFNO>
      <FUNCODE>FG</FUNCODE>
      <FUNNO>001</FUNNO>
     </RSMPE_PFK>
     <RSMPE_PFK>
      <CODE>000001</CODE>
      <PFNO>15</PFNO>
      <FUNCODE>&amp;F15</FUNCODE>
      <FUNNO>001</FUNNO>
     </RSMPE_PFK>
     <RSMPE_PFK>
      <CODE>000001</CODE>
      <PFNO>16</PFNO>
      <FUNCODE>TR</FUNCODE>
      <FUNNO>001</FUNNO>
     </RSMPE_PFK>
     <RSMPE_PFK>
      <CODE>000001</CODE>
      <PFNO>25</PFNO>
      <FUNCODE>&amp;ABC</FUNCODE>
      <FUNNO>001</FUNNO>
     </RSMPE_PFK>
     <RSMPE_PFK>
      <CODE>000001</CODE>
      <PFNO>28</PFNO>
      <FUNCODE>&amp;OUP</FUNCODE>
      <FUNNO>001</FUNNO>
     </RSMPE_PFK>
     <RSMPE_PFK>
      <CODE>000001</CODE>
      <PFNO>29</PFNO>
      <FUNCODE>&amp;ILT</FUNCODE>
      <FUNNO>001</FUNNO>
     </RSMPE_PFK>
     <RSMPE_PFK>
      <CODE>000001</CODE>
      <PFNO>30</PFNO>
      <FUNCODE>&amp;UMC</FUNCODE>
      <FUNNO>001</FUNNO>
     </RSMPE_PFK>
     <RSMPE_PFK>
      <CODE>000001</CODE>
      <PFNO>31</PFNO>
      <FUNCODE>%SL</FUNCODE>
      <FUNNO>001</FUNNO>
     </RSMPE_PFK>
     <RSMPE_PFK>
      <CODE>000001</CODE>
      <PFNO>32</PFNO>
      <FUNCODE>&amp;OL0</FUNCODE>
      <FUNNO>001</FUNNO>
     </RSMPE_PFK>
     <RSMPE_PFK>
      <CODE>000001</CODE>
      <PFNO>33</PFNO>
      <FUNCODE>&amp;OAD</FUNCODE>
      <FUNNO>002</FUNNO>
     </RSMPE_PFK>
     <RSMPE_PFK>
      <CODE>000001</CODE>
      <PFNO>34</PFNO>
      <FUNCODE>&amp;AVE</FUNCODE>
      <FUNNO>002</FUNNO>
     </RSMPE_PFK>
     <RSMPE_PFK>
      <CODE>000001</CODE>
      <PFNO>36</PFNO>
      <FUNCODE>&amp;INFO</FUNCODE>
      <FUNNO>001</FUNNO>
     </RSMPE_PFK>
     <RSMPE_PFK>
      <CODE>000001</CODE>
      <PFNO>37</PFNO>
      <FUNCODE>&amp;EB9</FUNCODE>
      <FUNNO>001</FUNNO>
     </RSMPE_PFK>
     <RSMPE_PFK>
      <CODE>000001</CODE>
      <PFNO>38</PFNO>
      <FUNCODE>&amp;ILD</FUNCODE>
      <FUNNO>001</FUNNO>
     </RSMPE_PFK>
     <RSMPE_PFK>
      <CODE>000001</CODE>
      <PFNO>39</PFNO>
      <FUNCODE>&amp;ETA</FUNCODE>
      <FUNNO>001</FUNNO>
     </RSMPE_PFK>
     <RSMPE_PFK>
      <CODE>000001</CODE>
      <PFNO>40</PFNO>
      <FUNCODE>&amp;ODN</FUNCODE>
      <FUNNO>001</FUNNO>
     </RSMPE_PFK>
     <RSMPE_PFK>
      <CODE>000001</CODE>
      <PFNO>41</PFNO>
      <FUNCODE>&amp;VGRID</FUNCODE>
      <FUNNO>001</FUNNO>
     </RSMPE_PFK>
     <RSMPE_PFK>
      <CODE>000001</CODE>
      <PFNO>42</PFNO>
      <FUNCODE>&amp;SUM</FUNCODE>
      <FUNNO>001</FUNNO>
     </RSMPE_PFK>
     <RSMPE_PFK>
      <CODE>000001</CODE>
      <PFNO>43</PFNO>
      <FUNCODE>&amp;VEXCEL</FUNCODE>
      <FUNNO>001</FUNNO>
     </RSMPE_PFK>
     <RSMPE_PFK>
      <CODE>000001</CODE>
      <PFNO>44</PFNO>
      <FUNCODE>&amp;AQW</FUNCODE>
      <FUNNO>001</FUNNO>
     </RSMPE_PFK>
     <RSMPE_PFK>
      <CODE>000001</CODE>
      <PFNO>45</PFNO>
      <FUNCODE>%PC</FUNCODE>
      <FUNNO>001</FUNNO>
     </RSMPE_PFK>
     <RSMPE_PFK>
      <CODE>000001</CODE>
      <PFNO>46</PFNO>
      <FUNCODE>&amp;RNT_PREV</FUNCODE>
      <FUNNO>001</FUNNO>
     </RSMPE_PFK>
     <RSMPE_PFK>
      <CODE>000001</CODE>
      <PFNO>47</PFNO>
      <FUNCODE>&amp;GRAPH</FUNCODE>
      <FUNNO>001</FUNNO>
     </RSMPE_PFK>
     <RSMPE_PFK>
      <CODE>000001</CODE>
      <PFNO>48</PFNO>
      <FUNCODE>&amp;VCRYSTAL</FUNCODE>
      <FUNNO>001</FUNNO>
     </RSMPE_PFK>
     <RSMPE_PFK>
      <CODE>000001</CODE>
      <PFNO>71</PFNO>
      <FUNCODE>%SC</FUNCODE>
      <FUNNO>001</FUNNO>
     </RSMPE_PFK>
     <RSMPE_PFK>
      <CODE>000001</CODE>
      <PFNO>84</PFNO>
      <FUNCODE>%SC+</FUNCODE>
      <FUNNO>001</FUNNO>
     </RSMPE_PFK>
     <RSMPE_PFK>
      <CODE>000001</CODE>
      <PFNO>86</PFNO>
      <FUNCODE>&amp;RNT</FUNCODE>
      <FUNNO>001</FUNNO>
     </RSMPE_PFK>
    </PFK>
    <SET>
     <RSMPE_STAF>
      <STATUS>STANDARD</STATUS>
      <FUNCTION>%CH</FUNCTION>
     </RSMPE_STAF>
     <RSMPE_STAF>
      <STATUS>STANDARD</STATUS>
      <FUNCTION>%ML</FUNCTION>
     </RSMPE_STAF>
     <RSMPE_STAF>
      <STATUS>STANDARD</STATUS>
      <FUNCTION>%PC</FUNCTION>
     </RSMPE_STAF>
     <RSMPE_STAF>
      <STATUS>STANDARD</STATUS>
      <FUNCTION>%SC</FUNCTION>
     </RSMPE_STAF>
     <RSMPE_STAF>
      <STATUS>STANDARD</STATUS>
      <FUNCTION>%SC+</FUNCTION>
     </RSMPE_STAF>
     <RSMPE_STAF>
      <STATUS>STANDARD</STATUS>
      <FUNCTION>%SL</FUNCTION>
     </RSMPE_STAF>
     <RSMPE_STAF>
      <STATUS>STANDARD</STATUS>
      <FUNCTION>&amp;ABC</FUNCTION>
     </RSMPE_STAF>
     <RSMPE_STAF>
      <STATUS>STANDARD</STATUS>
      <FUNCTION>&amp;ALL</FUNCTION>
     </RSMPE_STAF>
     <RSMPE_STAF>
      <STATUS>STANDARD</STATUS>
      <FUNCTION>&amp;AQW</FUNCTION>
     </RSMPE_STAF>
     <RSMPE_STAF>
      <STATUS>STANDARD</STATUS>
      <FUNCTION>&amp;AUF</FUNCTION>
     </RSMPE_STAF>
     <RSMPE_STAF>
      <STATUS>STANDARD</STATUS>
      <FUNCTION>&amp;AVE</FUNCTION>
     </RSMPE_STAF>
     <RSMPE_STAF>
      <STATUS>STANDARD</STATUS>
      <FUNCTION>&amp;AVR</FUNCTION>
     </RSMPE_STAF>
     <RSMPE_STAF>
      <STATUS>STANDARD</STATUS>
      <FUNCTION>&amp;BS</FUNCTION>
     </RSMPE_STAF>
     <RSMPE_STAF>
      <STATUS>STANDARD</STATUS>
      <FUNCTION>&amp;BS+</FUNCTION>
     </RSMPE_STAF>
     <RSMPE_STAF>
      <STATUS>STANDARD</STATUS>
      <FUNCTION>&amp;BS-</FUNCTION>
     </RSMPE_STAF>
     <RSMPE_STAF>
      <STATUS>STANDARD</STATUS>
      <FUNCTION>&amp;CDF</FUNCTION>
     </RSMPE_STAF>
     <RSMPE_STAF>
      <STATUS>STANDARD</STATUS>
      <FUNCTION>&amp;CFI</FUNCTION>
     </RSMPE_STAF>
     <RSMPE_STAF>
      <STATUS>STANDARD</STATUS>
      <FUNCTION>&amp;COUNT</FUNCTION>
     </RSMPE_STAF>
     <RSMPE_STAF>
      <STATUS>STANDARD</STATUS>
      <FUNCTION>&amp;CRB</FUNCTION>
     </RSMPE_STAF>
     <RSMPE_STAF>
      <STATUS>STANDARD</STATUS>
      <FUNCTION>&amp;CRBATCH</FUNCTION>
     </RSMPE_STAF>
     <RSMPE_STAF>
      <STATUS>STANDARD</STATUS>
      <FUNCTION>&amp;CRDESIG</FUNCTION>
     </RSMPE_STAF>
     <RSMPE_STAF>
      <STATUS>STANDARD</STATUS>
      <FUNCTION>&amp;CRE</FUNCTION>
     </RSMPE_STAF>
     <RSMPE_STAF>
      <STATUS>STANDARD</STATUS>
      <FUNCTION>&amp;CRL</FUNCTION>
     </RSMPE_STAF>
     <RSMPE_STAF>
      <STATUS>STANDARD</STATUS>
      <FUNCTION>&amp;CRR</FUNCTION>
     </RSMPE_STAF>
     <RSMPE_STAF>
      <STATUS>STANDARD</STATUS>
      <FUNCTION>&amp;CRTEMPL</FUNCTION>
     </RSMPE_STAF>
     <RSMPE_STAF>
      <STATUS>STANDARD</STATUS>
      <FUNCTION>&amp;CRYSTAL</FUNCTION>
     </RSMPE_STAF>
     <RSMPE_STAF>
      <STATUS>STANDARD</STATUS>
      <FUNCTION>&amp;DATA_SAVE</FUNCTION>
     </RSMPE_STAF>
     <RSMPE_STAF>
      <STATUS>STANDARD</STATUS>
      <FUNCTION>&amp;DAU</FUNCTION>
     </RSMPE_STAF>
     <RSMPE_STAF>
      <STATUS>STANDARD</STATUS>
      <FUNCTION>&amp;DOF</FUNCTION>
     </RSMPE_STAF>
     <RSMPE_STAF>
      <STATUS>STANDARD</STATUS>
      <FUNCTION>&amp;DON</FUNCTION>
     </RSMPE_STAF>
     <RSMPE_STAF>
      <STATUS>STANDARD</STATUS>
      <FUNCTION>&amp;EB3</FUNCTION>
     </RSMPE_STAF>
     <RSMPE_STAF>
      <STATUS>STANDARD</STATUS>
      <FUNCTION>&amp;EB9</FUNCTION>
     </RSMPE_STAF>
     <RSMPE_STAF>
      <STATUS>STANDARD</STATUS>
      <FUNCTION>&amp;ELP</FUNCTION>
     </RSMPE_STAF>
     <RSMPE_STAF>
      <STATUS>STANDARD</STATUS>
      <FUNCTION>&amp;ERW</FUNCTION>
     </RSMPE_STAF>
     <RSMPE_STAF>
      <STATUS>STANDARD</STATUS>
      <FUNCTION>&amp;ETA</FUNCTION>
     </RSMPE_STAF>
     <RSMPE_STAF>
      <STATUS>STANDARD</STATUS>
      <FUNCTION>&amp;F03</FUNCTION>
     </RSMPE_STAF>
     <RSMPE_STAF>
      <STATUS>STANDARD</STATUS>
      <FUNCTION>&amp;F12</FUNCTION>
     </RSMPE_STAF>
     <RSMPE_STAF>
      <STATUS>STANDARD</STATUS>
      <FUNCTION>&amp;F15</FUNCTION>
     </RSMPE_STAF>
     <RSMPE_STAF>
      <STATUS>STANDARD</STATUS>
      <FUNCTION>&amp;F4</FUNCTION>
     </RSMPE_STAF>
     <RSMPE_STAF>
      <STATUS>STANDARD</STATUS>
      <FUNCTION>&amp;GRAPH</FUNCTION>
     </RSMPE_STAF>
     <RSMPE_STAF>
      <STATUS>STANDARD</STATUS>
      <FUNCTION>&amp;IC1</FUNCTION>
     </RSMPE_STAF>
     <RSMPE_STAF>
      <STATUS>STANDARD</STATUS>
      <FUNCTION>&amp;ILD</FUNCTION>
     </RSMPE_STAF>
     <RSMPE_STAF>
      <STATUS>STANDARD</STATUS>
      <FUNCTION>&amp;ILT</FUNCTION>
     </RSMPE_STAF>
     <RSMPE_STAF>
      <STATUS>STANDARD</STATUS>
      <FUNCTION>&amp;INFO</FUNCTION>
     </RSMPE_STAF>
     <RSMPE_STAF>
      <STATUS>STANDARD</STATUS>
      <FUNCTION>&amp;KOM</FUNCTION>
     </RSMPE_STAF>
     <RSMPE_STAF>
      <STATUS>STANDARD</STATUS>
      <FUNCTION>&amp;LFO</FUNCTION>
     </RSMPE_STAF>
     <RSMPE_STAF>
      <STATUS>STANDARD</STATUS>
      <FUNCTION>&amp;LIS</FUNCTION>
     </RSMPE_STAF>
     <RSMPE_STAF>
      <STATUS>STANDARD</STATUS>
      <FUNCTION>&amp;MAX</FUNCTION>
     </RSMPE_STAF>
     <RSMPE_STAF>
      <STATUS>STANDARD</STATUS>
      <FUNCTION>&amp;MIN</FUNCTION>
     </RSMPE_STAF>
     <RSMPE_STAF>
      <STATUS>STANDARD</STATUS>
      <FUNCTION>&amp;NFO</FUNCTION>
     </RSMPE_STAF>
     <RSMPE_STAF>
      <STATUS>STANDARD</STATUS>
      <FUNCTION>&amp;NTE</FUNCTION>
     </RSMPE_STAF>
     <RSMPE_STAF>
      <STATUS>STANDARD</STATUS>
      <FUNCTION>&amp;OAD</FUNCTION>
     </RSMPE_STAF>
     <RSMPE_STAF>
      <STATUS>STANDARD</STATUS>
      <FUNCTION>&amp;ODN</FUNCTION>
     </RSMPE_STAF>
     <RSMPE_STAF>
      <STATUS>STANDARD</STATUS>
      <FUNCTION>&amp;OL0</FUNCTION>
     </RSMPE_STAF>
     <RSMPE_STAF>
      <STATUS>STANDARD</STATUS>
      <FUNCTION>&amp;OLX</FUNCTION>
     </RSMPE_STAF>
     <RSMPE_STAF>
      <STATUS>STANDARD</STATUS>
      <FUNCTION>&amp;OMP</FUNCTION>
     </RSMPE_STAF>
     <RSMPE_STAF>
      <STATUS>STANDARD</STATUS>
      <FUNCTION>&amp;OPT</FUNCTION>
     </RSMPE_STAF>
     <RSMPE_STAF>
      <STATUS>STANDARD</STATUS>
      <FUNCTION>&amp;OUP</FUNCTION>
     </RSMPE_STAF>
     <RSMPE_STAF>
      <STATUS>STANDARD</STATUS>
      <FUNCTION>&amp;REFRESH</FUNCTION>
     </RSMPE_STAF>
     <RSMPE_STAF>
      <STATUS>STANDARD</STATUS>
      <FUNCTION>&amp;RNT</FUNCTION>
     </RSMPE_STAF>
     <RSMPE_STAF>
      <STATUS>STANDARD</STATUS>
      <FUNCTION>&amp;RNT_PREV</FUNCTION>
     </RSMPE_STAF>
     <RSMPE_STAF>
      <STATUS>STANDARD</STATUS>
      <FUNCTION>&amp;SAL</FUNCTION>
     </RSMPE_STAF>
     <RSMPE_STAF>
      <STATUS>STANDARD</STATUS>
      <FUNCTION>&amp;SAVE</FUNCTION>
     </RSMPE_STAF>
     <RSMPE_STAF>
      <STATUS>STANDARD</STATUS>
      <FUNCTION>&amp;SUM</FUNCTION>
     </RSMPE_STAF>
     <RSMPE_STAF>
      <STATUS>STANDARD</STATUS>
      <FUNCTION>&amp;UMC</FUNCTION>
     </RSMPE_STAF>
     <RSMPE_STAF>
      <STATUS>STANDARD</STATUS>
      <FUNCTION>&amp;URL</FUNCTION>
     </RSMPE_STAF>
     <RSMPE_STAF>
      <STATUS>STANDARD</STATUS>
      <FUNCTION>&amp;VCRYSTAL</FUNCTION>
     </RSMPE_STAF>
     <RSMPE_STAF>
      <STATUS>STANDARD</STATUS>
      <FUNCTION>&amp;VEXCEL</FUNCTION>
     </RSMPE_STAF>
     <RSMPE_STAF>
      <STATUS>STANDARD</STATUS>
      <FUNCTION>&amp;VGRID</FUNCTION>
     </RSMPE_STAF>
     <RSMPE_STAF>
      <STATUS>STANDARD</STATUS>
      <FUNCTION>&amp;VLOTUS</FUNCTION>
     </RSMPE_STAF>
     <RSMPE_STAF>
      <STATUS>STANDARD</STATUS>
      <FUNCTION>&amp;XINT</FUNCTION>
     </RSMPE_STAF>
     <RSMPE_STAF>
      <STATUS>STANDARD</STATUS>
      <FUNCTION>&amp;XML</FUNCTION>
     </RSMPE_STAF>
     <RSMPE_STAF>
      <STATUS>STANDARD</STATUS>
      <FUNCTION>&amp;XPA</FUNCTION>
     </RSMPE_STAF>
     <RSMPE_STAF>
      <STATUS>STANDARD</STATUS>
      <FUNCTION>&amp;XXL</FUNCTION>
     </RSMPE_STAF>
     <RSMPE_STAF>
      <STATUS>STANDARD</STATUS>
      <FUNCTION>BAC1</FUNCTION>
     </RSMPE_STAF>
     <RSMPE_STAF>
      <STATUS>STANDARD</STATUS>
      <FUNCTION>BACK</FUNCTION>
     </RSMPE_STAF>
     <RSMPE_STAF>
      <STATUS>STANDARD</STATUS>
      <FUNCTION>BEB1</FUNCTION>
     </RSMPE_STAF>
     <RSMPE_STAF>
      <STATUS>STANDARD</STATUS>
      <FUNCTION>BEB2</FUNCTION>
     </RSMPE_STAF>
     <RSMPE_STAF>
      <STATUS>STANDARD</STATUS>
      <FUNCTION>BEB3</FUNCTION>
     </RSMPE_STAF>
     <RSMPE_STAF>
      <STATUS>STANDARD</STATUS>
      <FUNCTION>BEB9</FUNCTION>
     </RSMPE_STAF>
     <RSMPE_STAF>
      <STATUS>STANDARD</STATUS>
      <FUNCTION>BEBN</FUNCTION>
     </RSMPE_STAF>
     <RSMPE_STAF>
      <STATUS>STANDARD</STATUS>
      <FUNCTION>BUT1</FUNCTION>
     </RSMPE_STAF>
     <RSMPE_STAF>
      <STATUS>STANDARD</STATUS>
      <FUNCTION>BUT2</FUNCTION>
     </RSMPE_STAF>
     <RSMPE_STAF>
      <STATUS>STANDARD</STATUS>
      <FUNCTION>COL0</FUNCTION>
     </RSMPE_STAF>
     <RSMPE_STAF>
      <STATUS>STANDARD</STATUS>
      <FUNCTION>COLX</FUNCTION>
     </RSMPE_STAF>
     <RSMPE_STAF>
      <STATUS>STANDARD</STATUS>
      <FUNCTION>DETA</FUNCTION>
     </RSMPE_STAF>
     <RSMPE_STAF>
      <STATUS>STANDARD</STATUS>
      <FUNCTION>DOWN</FUNCTION>
     </RSMPE_STAF>
     <RSMPE_STAF>
      <STATUS>STANDARD</STATUS>
      <FUNCTION>DRUK</FUNCTION>
     </RSMPE_STAF>
     <RSMPE_STAF>
      <STATUS>STANDARD</STATUS>
      <FUNCTION>DSAL</FUNCTION>
     </RSMPE_STAF>
     <RSMPE_STAF>
      <STATUS>STANDARD</STATUS>
      <FUNCTION>ENTE</FUNCTION>
     </RSMPE_STAF>
     <RSMPE_STAF>
      <STATUS>STANDARD</STATUS>
      <FUNCTION>EXIT</FUNCTION>
     </RSMPE_STAF>
     <RSMPE_STAF>
      <STATUS>STANDARD</STATUS>
      <FUNCTION>EXPA</FUNCTION>
     </RSMPE_STAF>
     <RSMPE_STAF>
      <STATUS>STANDARD</STATUS>
      <FUNCTION>FG</FUNCTION>
     </RSMPE_STAF>
     <RSMPE_STAF>
      <STATUS>STANDARD</STATUS>
      <FUNCTION>FILD</FUNCTION>
     </RSMPE_STAF>
     <RSMPE_STAF>
      <STATUS>STANDARD</STATUS>
      <FUNCTION>FILT</FUNCTION>
     </RSMPE_STAF>
     <RSMPE_STAF>
      <STATUS>STANDARD</STATUS>
      <FUNCTION>GLIS</FUNCTION>
     </RSMPE_STAF>
     <RSMPE_STAF>
      <STATUS>STANDARD</STATUS>
      <FUNCTION>HELP</FUNCTION>
     </RSMPE_STAF>
     <RSMPE_STAF>
      <STATUS>STANDARD</STATUS>
      <FUNCTION>INFO</FUNCTION>
     </RSMPE_STAF>
     <RSMPE_STAF>
      <STATUS>STANDARD</STATUS>
      <FUNCTION>KOMP</FUNCTION>
     </RSMPE_STAF>
     <RSMPE_STAF>
      <STATUS>STANDARD</STATUS>
      <FUNCTION>P+</FUNCTION>
     </RSMPE_STAF>
     <RSMPE_STAF>
      <STATUS>STANDARD</STATUS>
      <FUNCTION>P++</FUNCTION>
     </RSMPE_STAF>
     <RSMPE_STAF>
      <STATUS>STANDARD</STATUS>
      <FUNCTION>P-</FUNCTION>
     </RSMPE_STAF>
     <RSMPE_STAF>
      <STATUS>STANDARD</STATUS>
      <FUNCTION>P--</FUNCTION>
     </RSMPE_STAF>
     <RSMPE_STAF>
      <STATUS>STANDARD</STATUS>
      <FUNCTION>PF09</FUNCTION>
     </RSMPE_STAF>
     <RSMPE_STAF>
      <STATUS>STANDARD</STATUS>
      <FUNCTION>PF13</FUNCTION>
     </RSMPE_STAF>
     <RSMPE_STAF>
      <STATUS>STANDARD</STATUS>
      <FUNCTION>PIC1</FUNCTION>
     </RSMPE_STAF>
     <RSMPE_STAF>
      <STATUS>STANDARD</STATUS>
      <FUNCTION>PICK</FUNCTION>
     </RSMPE_STAF>
     <RSMPE_STAF>
      <STATUS>STANDARD</STATUS>
      <FUNCTION>PRI</FUNCTION>
     </RSMPE_STAF>
     <RSMPE_STAF>
      <STATUS>STANDARD</STATUS>
      <FUNCTION>PRIN</FUNCTION>
     </RSMPE_STAF>
     <RSMPE_STAF>
      <STATUS>STANDARD</STATUS>
      <FUNCTION>PRNT</FUNCTION>
     </RSMPE_STAF>
     <RSMPE_STAF>
      <STATUS>STANDARD</STATUS>
      <FUNCTION>RW</FUNCTION>
     </RSMPE_STAF>
     <RSMPE_STAF>
      <STATUS>STANDARD</STATUS>
      <FUNCTION>SALL</FUNCTION>
     </RSMPE_STAF>
     <RSMPE_STAF>
      <STATUS>STANDARD</STATUS>
      <FUNCTION>SAUF</FUNCTION>
     </RSMPE_STAF>
     <RSMPE_STAF>
      <STATUS>STANDARD</STATUS>
      <FUNCTION>SAVE</FUNCTION>
     </RSMPE_STAF>
     <RSMPE_STAF>
      <STATUS>STANDARD</STATUS>
      <FUNCTION>SCRB</FUNCTION>
     </RSMPE_STAF>
     <RSMPE_STAF>
      <STATUS>STANDARD</STATUS>
      <FUNCTION>SCRE</FUNCTION>
     </RSMPE_STAF>
     <RSMPE_STAF>
      <STATUS>STANDARD</STATUS>
      <FUNCTION>SCRL</FUNCTION>
     </RSMPE_STAF>
     <RSMPE_STAF>
      <STATUS>STANDARD</STATUS>
      <FUNCTION>SCRR</FUNCTION>
     </RSMPE_STAF>
     <RSMPE_STAF>
      <STATUS>STANDARD</STATUS>
      <FUNCTION>SKOM</FUNCTION>
     </RSMPE_STAF>
     <RSMPE_STAF>
      <STATUS>STANDARD</STATUS>
      <FUNCTION>SODN</FUNCTION>
     </RSMPE_STAF>
     <RSMPE_STAF>
      <STATUS>STANDARD</STATUS>
      <FUNCTION>SOUP</FUNCTION>
     </RSMPE_STAF>
     <RSMPE_STAF>
      <STATUS>STANDARD</STATUS>
      <FUNCTION>SUMC</FUNCTION>
     </RSMPE_STAF>
     <RSMPE_STAF>
      <STATUS>STANDARD</STATUS>
      <FUNCTION>TR</FUNCTION>
     </RSMPE_STAF>
     <RSMPE_STAF>
      <STATUS>STANDARD</STATUS>
      <FUNCTION>ZSUM</FUNCTION>
     </RSMPE_STAF>
    </SET>
    <DOC>
     <RSMPE_ATRT>
      <OBJ_TYPE>A</OBJ_TYPE>
      <OBJ_CODE>000001</OBJ_CODE>
      <MODAL>D</MODAL>
      <INT_NOTE>Standardoberfl#che              STANDARD_FULLSCREEN</INT_NOTE>
     </RSMPE_ATRT>
     <RSMPE_ATRT>
      <OBJ_TYPE>P</OBJ_TYPE>
      <OBJ_CODE>000001</OBJ_CODE>
      <MODAL>D</MODAL>
      <NORM>X</NORM>
      <INT_NOTE>Standard maximale Interaktion STANDARD_FULLSCREEN</INT_NOTE>
     </RSMPE_ATRT>
     <RSMPE_ATRT>
      <OBJ_TYPE>B</OBJ_TYPE>
      <OBJ_CODE>000001</OBJ_CODE>
      <SUB_CODE>0001</SUB_CODE>
      <INT_NOTE>Standard maximale Interaktion STANDARD_FULLSCREEN</INT_NOTE>
     </RSMPE_ATRT>
    </DOC>
   </CUA>
   <TPOOL>
    <item>
     <ID>R</ID>
     <ENTRY>下载源码</ENTRY>
     <LENGTH>8</LENGTH>
    </item>
   </TPOOL>
  </asx:values>
 </asx:abap>
</abapGit>
